Variant,Expressed?,Yield (mg/mL),KM (mM),KM SD,kcat (1/min),kcat SD,kcat/KM (1/mM min),kcat/KM SD,T50 (°C),T50 SD,Tm (°C),Tm SD,Rosetta score,Institution
WT,yes,not reported,5,0.2,720.886,8.65929,144.177,6.0615,39.93,0.09,45.21,1.27,,UC Davis
WT,yes,0.207,5.70093,0.381149,707.704,12.6155,124.138,8.5895,,,,,,UC Davis
WT,yes,1.03,4.42341,0.835706,666.714,32.0148,150.724,29.3813,,,,,,UC Davis
WT,yes,1.155,6.62698,1.2275,384.203,19.5529,57.9755,11.1366,,,,,,UC Davis
WT,yes,0.879,6.21888,0.480346,625.347,13.1017,100.556,8.04761,,,,,,UC Davis
WT,yes,0.102,4.50383,0.76205,352.498,15.2092,78.2663,13.6665,,,,,,UC Davis
WT,yes,0.275,2.90747,0.825868,272.736,17.1527,93.8051,27.2907,,,,,,UC Davis
WT,yes,1.456,3.25282,0.592782,617.504,26.8799,189.837,35.5684,,,,,,UC Davis
WT,yes,1.38,1.21522,0.192812,317.456,10.6784,261.234,42.3697,40.7663,0.300941,,,,Gettysburg
WT,yes,0.834,3.85539,1.46634,425.966,41.1838,110.486,43.358,40.3485,0.233307,,,,Gettysburg
WT,yes,0.83,6.46907,0.407088,622.484,11.0264,96.2246,6.29057,40.3493,0.232457,,,,Gettysburg
WT,yes,0.834,4.04338,0.488472,471.88,14.6185,116.704,14.5549,40.127,0.053979,,,,Gettysburg
WT,yes,0.834,5.17204,0.270397,571.599,8.03341,110.517,5.98303,40.6063,0.146111,,,,Gettysburg
WT,yes,0.834,2.98393,0.442708,405.439,18.2017,135.874,21.0615,,,,,,Gettysburg
WT,yes,0.834,0.625094,0.259557,375.44,28.7993,600.614,253.611,,,,,,Gettysburg
WT,yes,0.44,4.17406,0.0903358,272.008,1.51768,65.1664,1.45646,,,,,,MiraCosta
WT,yes,3.71,4.09314,0.419601,361.051,9.51284,88.2088,9.33645,,,,,,UC Davis
WT,yes,4.362,11.3297,0.983236,304.574,8.05651,26.8828,2.43896,37.6584,0.354023,,,,FIU
WT,yes,3.174,10.9708,0.992784,339.84,9.77876,30.9768,2.94149,38.4665,0.266425,,,,FIU
WT,yes,8.69,8.24701,0.759404,162.993,4.54051,19.7639,1.90136,36.2289,0.22148,,,,FIU
WT,yes,4.691,16.7995,1.40239,256.896,7.49171,15.2919,1.35219,36.8087,0.260091,,,,FIU
WT,yes,1.196,8.56123,0.730764,135.456,3.46312,15.822,1.40981,36.8105,0.220492,,,,FIU
WT,yes,1.54,11.7241,0.783721,203.998,4.40657,17.3999,1.22235,37.3817,0.0844316,,,,FIU
WT,yes,2.17,,,,,,,38.9261,0.193262,,,,FIU
WT,yes,1.546,4.74494,0.477269,698.039,18.5582,147.112,15.3055,38.8816,0.312677,,,,UC Davis
WT,yes,2.24,1.59181,0.161143,507.278,11.3098,318.679,33.0337,36.9771,0.513484,,,,UC Davis
WT,yes,0.25,2.47266,0.467009,333.904,14.8565,135.038,26.2027,38.318,0.331434,,,,UC Davis
WT,yes,2.17,4.19497,0.73962,719.975,30.9941,171.628,31.1489,39.0861,0.216765,,,,UC Davis
WT,yes,2.96,3.21554,0.198611,636.546,9.67772,197.96,12.5922,39.2659,0.202611,,,,UC Davis
WT,yes,2.17,4.19497,0.73962,719.975,30.9941,171.628,31.1489,39.0861,0.216765,,,,UC Davis
WT,yes,1.727,6.12137,0.268912,348.477,4.25924,56.9279,2.59584,,,,,,UC Davis
WT,yes,4.176,2.97732,0.384888,240.45,7.48648,80.7605,10.7387,,,,,,UC Davis
WT,yes,2.96,3.21554,0.198611,636.546,9.67772,197.96,12.5922,,,,,,UC Davis
WT,yes,1.546,4.74494,0.477269,698.039,18.5582,147.112,15.3055,,,,,,UC Davis
WT,yes,2.23,2.90118,0.309881,480.813,12.4213,165.73,18.2124,,,,,,UC Davis
WT,yes,3.45,1.51169,0.218399,389.452,11.8364,257.627,38.0349,,,,,,UC Davis
WT,yes,3.591,6.37371,0.508304,411.566,9.20773,64.5724,5.34845,,,,,,UC Davis
WT,yes,4.166,3.00965,0.307602,231.643,5.71962,76.9668,8.09271,,,44.68,0.2905,,UC Davis
WT,yes,2.3,5.00171,0.903401,324.725,14.8743,64.9227,12.0975,,,,,,UC Davis
WT,yes,5.603,4.69292,0.614674,210.382,8.16428,44.8296,6.12403,38.9816,0.293188,,,,FIU
WT,yes,3.334,3.77976,0.340154,339.441,7.69352,89.8047,8.33422,,,,,,UC Davis
WT,yes,2.032,2.02485,0.277624,150.533,4.71172,74.3431,10.4553,39.7415,0.178619,,,,FIU
WT,yes,1.36,1.85913,0.463955,162.395,9.65233,87.3499,22.4083,40.0863,0.438581,,,,FIU
WT,yes,5.445,3.74886,0.402454,180.829,4.9098,48.2358,5.34135,38.6327,0.336642,,,,FIU
WT,yes,1.76,3.69543,0.582029,356.157,14.1506,96.3776,15.655,,,,,,UC Davis
WT,yes,4.552,4.35522,0.178569,688.001,7.33483,157.972,6.6924,,,,,,TMCC
WT,yes,3.308,2.40806,0.524774,246.517,11.9475,102.372,22.8543,,,,,,UC Davis
WT,yes,3.557,3.93227,0.260003,860.62,14.5085,218.861,14.9341,,,,,,UC Davis
WT,yes,3.25,4.9213,0.498434,284.893,7.67785,57.8898,6.06716,39.21,0.22446,,,,UC Davis
WT,yes,3.25,4.9213,0.498434,284.893,7.67785,57.8898,6.06716,39.1175,0.260939,,,,UC Davis
WT,yes,1.066,6.08655,0.513008,264.36,6.19195,43.4335,3.79954,40.5439,0.274868,,,,UC Davis
WT,yes,1.066,6.08655,0.513008,264.36,6.19195,43.4335,3.79954,,,,,,UC Davis
WT,yes,2.27,11.3237,2.40607,291.365,18.7595,25.7306,5.71276,40.8385,0.114204,,,,UC Davis
WT,yes,3.809,3.38498,0.300502,231.132,5.09603,68.2817,6.24587,,,,,,UC Davis
WT,yes,3.746,7.03362,0.522213,264.212,5.62227,37.5641,2.90124,,,,,,UC Davis
WT,yes,3.746,6.7563,0.309607,453.737,5.90754,67.1576,3.19929,,,,,,UC Davis
WT,yes,0.576,6.74143,0.614164,229.223,5.93042,34.0022,3.22019,,,,,,UC Davis
WT,yes,0.576,6.74143,0.614164,229.223,5.93042,34.0022,3.22019,,,45.52,0.34698,,UC Davis
WT,yes,2.592,5.99412,0.534249,275.74,6.80788,46.0018,4.25449,,,46.616,0.107,,UC Davis
WT,yes,2.552,5.00116,0.445787,367.447,8.74646,73.4722,6.77856,,,,,,UC Davis
WT,yes,2.723,4.35538,0.337658,342.177,6.71956,78.5643,6.28319,,,46.31,0.16,,UC Davis
WT,yes,0.576,6.74143,0.614164,229.223,5.93042,34.0022,3.22019,,,45.5,0.3,,UC Davis
WT,yes,2.833,4.4303,0.376674,372.323,8.25774,84.0401,7.38439,,,47.6067,1.47353,,UC Davis
WT,yes,0.707,4.22114,0.541397,295.592,9.79467,70.0266,9.2764,,,47.03,0.3394,,UC Davis
WT,yes,2.872,4.37801,0.391951,368.559,8.58805,84.1841,7.78788,,,45.386,0.0862,,UC Davis
WT,yes,2.842,3.98719,0.402662,288.833,7.4221,72.4403,7.54878,,,44.4,0.228,,UC Davis
WT,yes,0.83,3.69299,0.414307,401.024,11.3479,108.591,12.564,41.0742,0.123747,,,,Gettysburg
WT,yes,3.264,5.91716,0.209723,424.435,4.15597,71.7295,2.63756,,,,,,JCCC
WT,yes,2.6,3.06538,0.404187,388.215,12.4966,126.645,17.1893,40.3318,0.159543,,,,Taylor
WT,yes,3.592,6.53753,0.857725,353.524,14.0136,54.0761,7.41155,,,47.08,0.18,,UC Davis
WT,yes,0.868,3.88304,0.205128,261.921,3.52188,67.4527,3.67691,42.2453,0.678874,,,,UC Davis
WT,yes,0.298,6.7725,0.793712,216.487,7.13004,31.9657,3.89138,,,45.85,0.304138,,UC Davis
WT,yes,4.238,7.22652,0.713705,488.576,13.9119,67.6087,6.94914,,,,,,UC Davis
WT,yes,2.804,4.88628,0.411191,272.381,6.09319,55.744,4.8539,,,44.3742,0.0898187,,UC Davis
WT,yes,1.17,3.18749,0.233269,403.166,7.25147,126.484,9.53185,,,45.9672,0.51578,,UC Davis
WT,yes,2.905,4.28514,0.284489,226.144,3.89192,52.774,3.61946,,,45.19,0.54,,UC Davis
WT,yes,2.482,4.07225,0.246792,326.436,5.07977,80.1611,5.01563,,,,,,UC Davis
WT,yes,0.309,8.85731,1.28948,106.767,4.69325,12.0541,1.83312,39.0026,1.09857,,,,LUC
WT,yes,0.309,6.47699,0.993341,867.697,37.02,133.966,21.3258,37.267,0.268719,,,,LUC
WT,yes,0.98,4.07642,0.322005,243.955,4.94909,59.8453,4.88073,41.5103,2.46309,,,,UC Davis
WT,yes,1.79,5.97704,0.468657,398.457,8.23918,66.6646,5.40586,39.8594,1.12712,,,,UC Davis
WT,yes,not reported,,,,,,,39.4897,0.245648,,,,UC Davis
WT,yes,0.604,2.80305,0.156581,362.88,4.8746,129.459,7.43787,,,,,,UC Davis
WT,yes,9.881,2.19776,0.264505,123.761,3.44378,56.3124,6.95609,39.4075,0.289776,,,,FIU
WT,yes,2.294,5.45867,0.423026,169.168,3.56256,30.9907,2.48876,39.2978,0.331206,,,,FIU
WT,yes,0.309,8.85731,1.28948,1067.67,46.9325,120.541,18.3312,39.0026,1.09857,,,,LUC
WT,yes,0.309,6.47699,0.993341,867.697,37.02,133.966,21.3258,37.267,0.268719,,,,LUC
WT,yes,0.309,7.93906,1.13661,1050.87,43.9112,132.366,19.7411,38.532,0.736937,,,,LUC
WT,yes,6.509,5.50925,0.235686,173.524,2.02103,31.4968,1.39648,38.9218,0.146396,,,,FIU
WT,yes,6.878,5.14996,0.212917,182.224,2.02353,35.3835,1.51473,39.5515,1.38011,,,,FIU
WT,yes,0.56,4.56012,0.586318,349.628,11.7857,76.6708,10.1911,39.4764,0.852167,,,,UC Davis
WT,yes,1.24,2.49045,0.223821,327.054,6.97867,131.323,12.1303,39.6623,0.48039,,,,UC Davis
WT,yes,1.306,4.49884,1.10283,389.167,24.9587,86.504,21.919,39.1021,0.345918,,,,UC Davis
WT,yes,0.091,4.11643,0.375073,162.318,3.80524,39.4318,3.7099,39.8223,0.329844,,,,Campbell
WT,yes,0.259,5.08626,0.430778,451.973,10.2261,88.8617,7.79002,,,,,,MiraCosta
WT,yes,0.310937,3.81622,0.063853,360.746,1.93957,94.5297,1.66132,,,,,,MiraCosta
WT,yes,1.842,9.34871,2.2666,432.092,35.2428,46.2194,11.823,,,,,,UC Davis
WT,yes,2.532,4.15237,0.329631,347.535,7.1097,83.6957,6.86116,,,45.07,0.257,,UC Davis
WT,yes,1.1449,7.41261,0.877009,1527.64,52.4033,206.086,25.3869,38.2877,0.522175,,,,LUC
WT,yes,1.1449,7.75681,0.920421,1552.97,53.8715,200.207,24.7509,37.8548,0.580898,,,,LUC
WT,yes,1.1449,45.2997,6.39638,1586.68,108.831,35.0262,5.49839,38.5446,0.277494,,,,LUC
WT,yes,1.1449,29.9045,3.79232,1353.29,72.7446,45.2538,6.23311,38.641,0.535677,,,,LUC
WT,yes,1.1449,24.2002,4.98806,1340.12,105.14,55.3766,12.2129,37.5467,1.60238,,,,LUC
WT,yes,1.01,4.16761,0.366281,177.327,4.01901,42.5488,3.86186,40.985,0.298104,,,,MJC
WT,yes,1.683,2.88747,0.154383,107.356,1.38717,37.18,2.0451,39.2002,0.275994,,,,FIU
WT,yes,1.683,3.64229,0.236106,152.509,2.48744,41.8717,2.79887,39.4219,0.15651,,,,FIU
WT,yes,1.314,4.12849,0.267829,156.986,2.62397,38.0251,2.54738,39.3072,1.13582,,,,FIU
WT,yes,1.159,4.0398,0.862338,207.246,11.9981,51.301,11.3463,39.3639,0.489625,,,,FIU
WT,yes,0.777,5.73571,0.446624,401.18,8.57503,69.9443,5.64784,,,43.355,0.0916589,,UC Davis
WT,yes,0.72,3.75829,0.158014,174.991,1.98892,46.5612,2.02789,40.9855,0.214203,,,,MJC
WT,yes,1.1888,4.1198,0.261137,666.225,10.8667,161.713,10.5842,,,,,,KWC
WT,yes,1.188,4.28452,0.206023,677.986,8.45084,158.241,7.86058,,,,,,KWC
WT,yes,not reported,,,,,,,,,,,,CSU
WT,yes,1.6,8.4971,1.58899,564.179,20.7713,66.3966,12.6548,40.4401,0.220616,,,,UC Davis
WT,yes,0.5,4.51661,0.417966,1664.06,40.3183,368.432,35.2438,41.5099,5.24123,,,,UC Davis
WT,yes,0.5,2.20263,0.314309,294.631,9.72395,133.763,19.5915,,,,,,UC Davis
WT,yes,0.652,2.62287,0.402986,246.683,9.49112,94.0506,14.8964,41.2849,0.385186,45.69,0.02,,Yale
WT,yes,0.652,3.92999,0.362948,274.067,6.45679,69.7374,6.64676,40.2767,0.409547,45.693,0.0230207,,UNF
WT,yes,0.652,2.62287,0.402986,246.683,9.49112,94.0506,14.8964,40.2767,0.409547,45.693,0.0230207,,La Sierra
WT,yes,1.63825,4.70356,0.277336,697.517,10.8523,148.295,9.04324,39.8351,0.155324,,,,Taylor
WT,yes,1.638,5.39978,0.317211,752.888,11.9927,139.429,8.48659,39.5496,0.418265,,,,Taylor
WT,yes,1.5,10.1365,4.39261,1138.82,153.89,112.348,50.9979,,,,,,UC Davis
WT,yes,3.88,8.82808,0.2711,377.752,3.49994,42.7899,1.37253,,,47.45,0.19,,UC Davis
WT,yes,5.176,6.12488,0.384181,366.732,6.40082,59.8758,3.89837,,,45.38,0.02,,UC Davis
WT,yes,4.659,6.05547,0.688571,467.402,14.5585,77.1867,9.10026,,,46.0627,0.023644,,UC Davis
WT,yes,2.893,3.02563,0.337959,275.685,7.50096,91.1165,10.4752,,,43.7665,0.0101942,,UC Davis
WT,yes,4.546,7.02744,0.314821,381.954,4.89421,54.3518,2.53254,,,42.3833,0.0288675,,UC Davis
WT,yes,1.364,5.80688,0.380459,1017.46,18.0375,175.217,11.8928,,,43.4501,0.201675,,UC Davis
WT,yes,not reported,,,,,,,,,42.38,0.03,,UC Davis
WT,yes,2.109,4.31252,0.57333,451.107,15.1607,104.604,14.3441,,,44.89,0.2558,,UC Davis
WT,yes,0.993,8.42168,1.39731,489.118,24.2184,58.0784,10.0562,,,43.47,0.14,,UC Davis
WT,yes,0.6,8.7566,0.448486,302.939,4.67234,34.5955,1.85047,38.3547,0.16655,,,,Campbell
WT,yes,1.017,5.38451,0.372388,194.065,3.63716,36.0414,2.5825,39.2669,0.206974,,,,FIU
WT,yes,4.542,4.98673,0.425256,207.077,4.71304,41.5256,3.66515,,,,,,FIU
WT,yes,1.677,5.61221,0.428089,162.932,3.39637,29.0317,2.29569,38.1225,0.210185,,,,FIU
WT,yes,5.466,3.52476,0.338592,151.713,3.64546,43.042,4.26205,39.514,0.322122,,,,FIU
WT,yes,2.184,4.23193,0.26102,137.404,2.19057,32.4685,2.06843,38.91,0.281937,,,,FIU
WT,yes,5.041,3.29555,0.333355,149.316,3.73363,45.3083,4.72104,39.4548,0.412909,,,,FIU
WT,yes,0.307,6.63405,0.420492,723.157,12.4322,109.007,7.15892,,,,,,CSU
WT,yes,2.03,2.91478,0.340136,112.061,3.16528,38.4457,4.61593,38.2814,0.506941,,,,FIU
WT,yes,1.512,6.35962,1.66069,100.364,7.48596,15.7815,4.28584,38.8045,0.247748,,,,FIU
WT,yes,0.745,,,,,,,39.7662,0.42848,,,,LUC
WT,yes,2.821,5.23502,0.51376,110.338,2.77477,21.077,2.13531,40.1568,0.427754,,,,FIU
WT,yes,6.244,4.78135,0.15825,184.557,1.61692,38.5992,1.32153,39.6991,0.48247,,,,FIU
WT,yes,3.678,7.34841,0.486529,302.272,5.79137,41.1343,2.83519,,,44.5767,0.22,,UC Davis
WT,yes,1.7,4.39629,0.324123,402.665,7.73289,91.5919,6.97808,40.1944,0.216685,,,,UC Davis
WT,yes,1.4,3.58565,0.770478,761.973,41.0807,212.506,47.0782,41.2189,0.419435,,,,UC Davis
WT,yes,2.5,3.59517,0.152943,440.547,4.70452,122.539,5.37468,40.2137,0.460502,,,,UC Davis
WT,yes,1.4,3.91669,0.466058,377.239,11.4439,96.3159,11.8275,42.0828,0.41358,,,,UC Davis
WT,yes,0.9,2.07356,0.294999,251.804,8.19066,121.435,17.722,39.395,0.274491,,,,UC Davis
WT,yes,1.7,1.6275,0.613844,190.31,16.3722,116.934,45.2366,39.7841,0.398407,,,,UC Davis
WT,yes,1.7,2.36452,0.919479,252.481,23.0606,106.779,42.6527,40.1182,0.457518,,,,UC Davis
WT,yes,1.5,2.31837,0.294508,685.825,20.3134,295.822,38.5867,38.1891,0.356188,,,,UC Davis
WT,yes,4.094,6.62145,0.494882,400.276,8.46109,60.4513,4.69531,,,43.16,0.0458258,,UC Davis
WT,yes,5.041,3.29555,0.333355,149.316,3.73363,45.3083,4.72104,39.4361,0.393793,39.4,0.4,,FIU
WT,yes,2.098,5.64434,0.452884,430.72,9.45247,76.3101,6.34777,,,,,,UC Davis
WT,yes,0.863,4.28532,0.795203,723.322,34.7942,168.79,32.3567,41.0047,0.359871,,,,MiraCosta
WT,yes,1.2,5.97956,1.74946,1423.42,108.669,238.047,71.9785,40.9015,2.86122,,,,UC Davis
WT,yes,1.441,4.66042,0.682656,707.104,27.2819,151.725,22.9827,40.7428,0.151877,,,,MiraCosta
WT,yes,1.491,5.38143,0.793736,846.265,27.0403,157.257,23.7327,40.3182,0.239687,,,,MiraCosta
WT,yes,1.7,4.26396,0.434326,262.824,6.52803,61.6384,6.46245,,,44.1467,1.11,,UC Davis
WT,yes,1.642,4.0262,0.195751,328.213,4.08886,81.5193,4.09146,,,,,,TMCC
WT,yes,2.684,4.03099,1.17687,402.166,33.8271,99.7687,30.3127,,,46.07,0.2152,,UC Davis
WT,yes,1.068,9.0605,0.5712,1296.79,25.6054,143.126,9.45529,,,44.1867,0.265016,,UC Davis
WT,yes,0.633,1.30713,0.272005,570.859,26.056,436.726,93.0401,40.9228,0.0844412,,,,Smith
WT,yes,0.8417,1.54451,0.325704,495.478,22.9116,320.8,69.2575,,,,,,Smith
WT,yes,1.064,2.11974,0.330761,387.534,13.9025,182.822,29.2715,,,,,,Smith
WT,yes,0.6563,1.40077,0.321668,568.689,28.1195,405.984,95.3659,,,,,,Smith
WT,yes,0.8935,2.13892,0.401341,509.883,19.7448,238.383,45.6721,,,,,,Smith
WT,yes,0.6486,4.11855,0.695107,531.064,22.5405,128.945,22.4402,,,,,,Smith
WT,yes,0.9171,3.27341,0.464874,419.151,14.6975,128.047,18.7308,,,,,,Smith
WT,yes,0.7292,1.53967,0.276304,507.311,19.9542,329.493,60.5333,,,,,,Smith
WT,yes,1.053,3.63135,0.253842,308.549,5.41986,84.9682,6.12418,,,,,,Smith
WT,yes,0.893,4.88511,0.491421,308.806,8.85811,63.2137,6.6125,,,,,,Smith
WT,yes,1.091,2.97874,0.461393,325.897,11.857,109.408,17.4079,,,,,,Smith
WT,yes,0.8753,1.42367,0.241869,552.233,20.3346,387.895,67.4303,,,,,,Smith
WT,yes,3.872,5.35852,0.731524,282.419,9.93276,52.7047,7.42997,,,,,,UC Davis
WT,yes,not reported,,,,,,,42.5596,0.220239,,,,Smith
WT,yes,not reported,,,,,,,41.2652,0.30155,,,,Smith
WT,yes,not reported,,,,,,,42.2156,0.144279,,,,Smith
WT,yes,not reported,,,,,,,40.8914,0.412121,,,,Smith
WT,yes,not reported,,,,,,,42.0156,0.381242,,,,Smith
WT,yes,not reported,,,,,,,42.3285,0.162961,,,,Smith
WT,yes,not reported,,,,,,,41.0349,0.343558,,,,Smith
WT,no,0.7295,4.20985,0.680564,207.187,9.26172,49.2149,8.25464,38.4733,0.380884,,,,FIU
WT,yes,5.999,0.968002,0.138061,174.525,5.07646,180.294,26.2437,39.2483,1.95445,,,,FIU
WT,yes,3.178,1.06509,0.141515,196.588,5.43898,184.573,25.0496,39.5449,0.281553,39.5,0.3,,FIU
WT,yes,3.952,4.59743,0.170707,204.168,1.9916,44.4091,1.7049,39.9721,0.202283,40,0.2,,FIU
WT,yes,5.92,8.42149,1.04421,267.174,9.88618,31.7253,4.10514,39.7134,0.371324,39.7,0.4,,FIU
WT,yes,6.655,5.68655,0.39869,241.874,4.64676,42.5344,3.09206,39.7499,0.587304,39.7,0.6,,FIU
WT,yes,not reported,,,,,,,43.3881,0.348653,,,,Smith
WT,yes,not reported,,,,,,,41.5427,0.254708,,,,Smith
WT,yes,not reported,,,,,,,41.3903,0.434815,,,,Smith
WT,yes,3.32,3.2776,0.332855,343.703,8.62017,104.864,10.9694,40.5599,0.150158,,,,TMCC
WT,yes,3.32,3.72676,0.423498,348.274,9.99898,93.4523,10.9533,40.2831,0.219371,,,,TMCC
WT,yes,5.018,6.28098,0.4094,484.179,9.50582,77.0866,5.24754,,,50.83,0.58,,UNF
WT,yes,6.194,4.92606,0.315064,353.674,6.46165,71.7964,4.77568,,,50.5,1,,UNF
WT,yes,4.779,5.21059,1.26065,376.095,24.4185,72.1791,18.0808,,,49.1667,0.288675,,UNF
WT,yes,3.859,3.78057,0.266684,401.24,7.16942,106.132,7.7231,,,49.1,,,UNF
WT,yes,4.168,4.97846,0.561422,851.432,25.6175,171.023,19.961,,,46.7033,0.255408,,UC Davis
WT,yes,0.862,6.06317,0.428767,914.218,17.9515,150.782,11.0662,39.2293,0.43615,,,,MiraCosta
WT,yes,1.626,3.39683,0.312218,604.265,13.8025,177.891,16.8481,,,,,,MiraCosta
WT,yes,1.626,2.97736,0.31963,574.063,14.9708,192.809,21.3007,,,,,,MiraCosta
WT,yes,1.21,1.96802,0.259261,1175.09,33.409,597.092,80.4698,41.0107,0.641172,,,,UC Davis
WT,yes,0.63,2.8374,0.322835,1573.99,42.8052,554.729,64.8941,,,,,,UC Davis
WT,yes,0.65,1.55356,0.17768,1355.71,41.1979,872.649,103.267,40.9453,0.455625,,,,UC Davis
WT,yes,not reported,,,,,,,40.8877,0.149691,,,,UC Davis
WT,yes,not reported,,,,,,,39.7914,0.321139,,,,UC Davis
WT,yes,1.52,2.868,0.359035,702.28,20.4903,244.868,31.4757,40.6871,0.175706,,,,UC Davis
WT,yes,1.37,3.26376,0.282907,986.57,21.1041,302.28,26.9881,40.8013,0.217687,,,,UC Davis
WT,yes,0.89,2.26029,0.28896,1091.99,32.4195,483.12,63.4066,41.242,0.347828,,,,UC Davis
WT,yes,2.268,2.386,0.290229,227.845,6.49167,95.4927,11.93,,,44.1767,0.0929157,,UC Davis
WT,yes,2.016,11.3731,1.33209,482.436,18.1305,42.419,5.21785,,,46.1467,0.22745,,UC Davis
WT,yes,2.226,1.37013,0.341227,670.701,37.7978,489.516,124.995,,,45.5933,0.119304,,UC Davis
WT,yes,3.35,5.89274,0.343161,377.766,6.07239,64.107,3.87285,,,44.3933,0.177858,,UC Davis
WT,yes,3.35,7.35685,0.570408,383.208,8.60018,52.0886,4.20443,,,44.3933,0.177858,,UC Davis
WT,yes,3.35,6.34026,0.537795,399.045,9.36993,62.9382,5.53934,,,44.3933,0.177858,,UC Davis
WT,yes,5.144,1.18483,0.212889,195.324,7.57672,164.854,30.3033,,,44.48,0.05,,UC Davis
WT,yes,2.14,1.31074,0.164536,252.093,7.92108,192.328,24.8875,,,45.08,0.175784,,UC Davis
WT,yes,4.71,2.82304,0.295634,209.744,5.96664,74.2973,8.06251,,,43.87,0.176918,,UC Davis
WT,yes,3.25,4.32774,0.430039,190.479,4.91565,44.0136,4.51864,39.7663,0.189198,,,,PolyU
WT,yes,2.377,3.99967,0.411196,264.636,6.96275,66.1644,7.02142,39.7023,0.3124,,,,Yale
WT,yes,3.22,2.37198,0.252454,223.373,5.56336,94.1712,10.2936,40.1541,0.164439,,,,Mines
WT,yes,3.22,2.37865,0.248339,223.284,5.45763,93.8702,10.0654,40.1606,0.164358,,,,MJC
WT,yes,3.25,4.32774,0.430039,190.479,4.91565,44.0136,4.51864,39.7584,0.190894,,,,Elmhurst
WT,yes,2.377,3.99967,0.411196,264.636,6.96275,66.1644,7.02142,39.7023,0.3124,,,,University of Kansas
WT,yes,3.22,2.37198,0.252454,223.373,5.56336,94.1712,10.2936,40.1541,0.164439,,,,SMCC
WT,yes,2.377,3.99967,0.411196,264.636,6.96275,66.1644,7.02142,39.7023,0.3124,,,,MWSU
WT,no,,4.32774,0.430039,190.479,4.91565,44.0136,4.51864,39.7584,0.190894,,,,CSU Fresno
WT,yes,2.682,3.12369,0.190744,264.131,3.95025,84.5573,5.31598,,,44.05,0.231,,UC Davis
WT,yes,not reported,5.17831,0.453664,285.795,6.73245,55.1908,5.00692,,,44.01,0.127671,,UC Davis
WT,yes,3.048,5.57214,0.752087,370.261,14.6585,66.4485,9.34659,,,45.4467,0.238607,,UC Davis
WT,yes,2.682,3.0962,0.900935,256.826,17.2351,82.9486,24.77,,,45.47,0.44,,UC Davis
WT,yes,1.556,6.74872,0.581267,372.331,9.10917,55.1706,4.93982,,,45.14,0.268887,,UC Davis
WT,yes,1.556,6.03042,0.602109,364.792,10.1021,60.4919,6.26784,,,45.14,0.268887,,UC Davis
WT,yes,1.556,6.71046,0.486532,374.177,7.69661,55.7603,4.20236,,,45.14,0.268887,,UC Davis
WT,yes,1.719,4.85653,0.262644,278.334,4.28693,57.3114,3.22268,,,44.1633,0.037859,,UC Davis
WT,yes,2.299,4.10053,0.308826,277.247,6.00462,67.6126,5.29852,,,44.21,0.055678,,UC Davis
WT,yes,1.575,5.07103,0.233372,284.548,3.93905,56.1125,2.69663,,,44.23,0.043589,,UC Davis
WT,yes,1.727,5.0618,0.309153,336.389,5.49953,66.4565,4.20179,,,44.32,0.04,,UC Davis
WT,yes,2,7.43856,0.887551,623.228,21.5771,83.7834,10.4092,,,44.99,0.5,,UC Davis
WT,yes,2.133,5.41683,0.633891,804.56,28.8939,148.53,18.1813,,,46.1683,0.16667,,UC Davis
WT,yes,1.401,5.17256,0.382616,344.904,6.85855,66.6795,5.10742,,,45.4633,0.057735,,UC Davis
WT,yes,1.401,6.83799,0.462145,363.514,6.98633,53.161,3.73532,,,45.4633,0.057735,,UC Davis
WT,yes,1.401,6.86242,0.400704,358.947,5.97502,52.3061,3.17589,,,45.4633,0.057735,,UC Davis
WT,yes,2.102,3.74382,0.935896,363.948,22.8723,97.213,25.0579,,,44.49,0.134536,,UC Davis
WT,yes,7.569,4.19605,0.420553,349.932,9.05588,83.3955,8.63252,,,45.7349,0.100185,,UC Davis
WT,yes,4.3,5,0.618052,324.031,10.6956,64.8062,8.29141,,,43.7367,0.100167,,UC Davis
WT,yes,2.092,4.25981,0.450547,300.943,8.24191,70.647,7.71855,,,45.62,0.286007,,UC Davis
WT,yes,1.517,4.26582,0.307989,262.895,4.91614,61.6283,4.59634,,,44.4313,0.0210748,,UC Davis
WT,yes,1.585,2.37535,0.470695,215.471,9.87035,90.7112,18.4492,,,44.3416,,,UC Davis
WT,yes,3.647,4.72161,0.901069,353.265,17.4658,74.8188,14.7497,,,45.996,0.0929,,UC Davis
WT,yes,6.462,4.02994,0.373658,340.502,8.09107,84.493,8.0874,40.4446,0.179613,,,,TMCC
WT,yes,1.28,1.95836,0.243188,898.98,28.582,459.048,58.8431,40.8537,0.231454,,,,UC Davis
WT,yes,1.35,3.20984,0.247524,1319.62,24.8759,411.118,32.6366,39.816,0.19178,,,,UC Davis
WT,yes,0.82,3.4832,0.329618,1310.82,30.9633,376.327,36.7048,40.4674,0.492921,,,,UC Davis
WT,yes,1.59,3.74858,0.260429,1109.33,19.4919,295.933,21.207,40.2399,0.154524,,,,UC Davis
WT,yes,0.65,2.73782,0.839926,1622.27,97.3451,592.541,185.228,39.7243,0.319375,,,,UC Davis
WT,yes,1.07,1.67966,0.160464,607.607,12.8848,361.744,35.3998,,,,,,UC Davis
WT,yes,1.21,3.16201,0.257888,768.347,14.9021,242.993,20.3708,40.8417,0.222838,,,,UC Davis
WT,yes,0.95,3.60193,0.390628,1326.59,36.1263,368.3,41.1821,40.2933,0.117424,,,,UC Davis
WT,yes,0.91,2.53769,0.406257,899.909,34.0816,354.618,58.3375,40.5811,0.197001,,,,UC Davis
WT,yes,5.065,3.39449,0.151186,91.7946,0.967734,27.0423,1.2377,39.802,0.383254,,,,FIU
WT,yes,6.75,6.07205,0.375662,192.874,3.31435,31.7643,2.03957,39.5592,0.213279,,,,FIU
WT,yes,6.238,5.16046,0.430083,262.652,5.88192,50.897,4.39233,40.7073,0.295076,,,,FIU
WT,yes,2.62,2.70877,0.28547,455.382,11.4753,168.114,18.2165,39.7935,0.144483,,,,FIU
WT,yes,2.59,5.91143,0.453575,348.07,7.37673,58.8808,4.687,,,45,0.2,,UC Davis
WT,yes,1.614,4.07378,0.221752,524.671,8.4704,128.792,7.31251,,,44.42,0.061,,UC Davis
WT,yes,3.81,2.6091,0.4466,188.887,7.68341,72.3957,12.7371,,,47.105,0.485,,UC Davis
WT,yes,0.736,3.5195,0.246008,1050.72,17.8612,298.541,21.4758,,,44.7611,0.0175307,,UC Davis
WT,yes,1.432,2.16318,0.260045,209.434,6.06469,96.8177,11.9718,,,44.7067,0.228108,,UC Davis
WT,yes,1.446,3.60846,0.270129,279.171,5.24949,77.3656,5.97149,,,44.4167,0.0251661,,UC Davis
W11F,yes,0.711,5.33139,0.398051,836.886,16.4453,156.973,12.119,,,,,,UC Davis
G12N,no,,,,,,,,,,,,,UC Davis
T13K,yes,not reported,,,,,,,,,,,35.98,UC Davis
T13K,yes,0.69,0.952607,0.386908,0.341975,0.0269071,0.358988,0.148516,,,46.248,2.141,35.957,UC Davis
T13S,yes,1.51,2.94729,0.330251,408.482,11.0999,138.596,15.9802,,,46.2846,0.555456,2.828,UC Davis
T13S,yes,0.0986099,2.58496,0.14569,411.438,6.78828,159.166,9.34715,,,,,2.808,MiraCosta
T13S,yes,0.659,31.4723,2.03671,247.448,6.73446,7.8624,0.551973,38.9856,0.617654,,,,LUC
T13S,yes,0.939,2.8782,0.1831,234.578,4.47756,81.5017,5.41318,,,43.8267,0.077675,2.802,UC Davis
T13S,yes,1.373,3.08691,0.154687,258.232,4.37578,83.6538,4.42513,,,43.7033,0.047258,,UC Davis
S14A,yes,not reported,8.25,1.02,261.944,8.65929,31.8229,4.11316,40.16,0.3,44.13,,,UC Davis
S14A,yes,1.692,2.88374,0.474661,177.484,7.05858,61.5467,10.4221,,,43.4333,0.080829,1.765,UC Davis
T15A,yes,not reported,5.3,0.48,504.404,12.9889,95.2522,8.87577,39.17,0.23,41.99,,,UC Davis
T15A,yes,not reported,,,,,,,37.2813,0.485005,,,9.27,UC Davis
S16A,yes,not reported,14.01,0.4,125.56,,8.87577,0.216482,39.41,0.27,43.88,,,UC Davis
S16N,no,,,,,,,,,,,,,UC Davis
S17A,yes,not reported,18.45,3.72,694.908,62.7799,37.6679,8.22632,41.66,0.14,,,,UC Davis
S17A,yes,3.958,6.51046,0.50213,196.781,4.27797,30.2254,2.42202,38.7305,981798,,,,FIU
S17E,yes,not reported,7.32,0.38,526.052,6.49447,71.8721,3.89668,39.47,0.14,,,,UC Davis
Y18A,yes,not reported,31.55,3.61,162.362,6.49447,5.19557,0.649447,38.26,0.23,40.58,,,UC Davis
Q19A,yes,not reported,,,,,,,,,,,,UC Davis
Q19A,yes,1.248,1.68488,1.14306,0.130021,0.0194522,0.0771691,0.053611,35.2038,0.682831,,,-1.28,MiraCosta
Q19C,yes,not reported,,,,,,,,,,,,UC Davis
Q19D,yes,0.57,,,,,,,,,,,,CSU Fresno
Q19M,yes,0.433,,,,,,,,,46.41,1.47,-18.721,UC Davis
Q19M,yes,not reported,,,,,,,,,,,,JCCC
Q19P,no,,,,,,,,,,,,,UC Davis
Q19S,yes,not reported,,,,,,,36.82,0.18,43.12,,,UC Davis
Q19T,yes,2.194,1.73622,0.830152,0.101018,0.0107532,0.0581825,0.0285003,,,,,-0.37,UC Davis
Q19T,yes,not reported,,,,,,,,,,,-0.223,CSU
Q19T,yes,0.889,5.00516,0.345636,240.055,4.42753,47.9615,3.42812,,,42.8013,0.0469576,-0.223,UC Davis
I20N,yes,0.308,19.4137,4.87174,44.4652,3.98946,2.29041,0.610395,,,,,,UC Davis
E21C,no,,,,,,,,,,,,5.443,FIU
E21D,yes,0.4097,4.54793,0.534989,32.035,0.987947,7.04388,0.856598,37.4836,0.32056,37.5,0.3,4.38,FIU
E21F,no,,,,,,,,,,,,32.265,FIU
E21G,no,,,,,,,,,,,,7.996,FIU
E21H,no,,,,,,,,,,,,22.346,FIU
E21I,no,,,,,,,,,,,,32.64,FIU
E21K,no,,,,,,,,,,,,27.718,FIU
E21N,no,,,,,,,,,,,,6.379,FIU
E21R,no,,,,,,,,,,,,16.915,FIU
E21T,no,,,,,,,,,,,,6.495,FIU
E21W,no,,,,,,,,,,,,383.577,FIU
E21Y,yes,4.452,1.52485,0.203489,184.426,5.38683,120.947,16.5223,40.3305,0.291043,40.3,0.3,27.055,FIU
G23A,yes,0.73,1.40615,0.233676,619.22,22.2642,440.367,74.8743,40.0827,0.176835,,,1.841,UC Davis
G23A,yes,1.99,1.30753,0.296014,269.227,11.3361,205.906,47.4149,,,44.9967,0.0208167,1.771,UC Davis
D25Q,yes,0.638,4.21323,0.350445,406.261,8.72705,96.425,8.28353,40.2901,0.138915,,,,UC Davis
D25Q,yes,6.91,0.850429,0.0945544,66.291,1.65198,77.9501,8.88186,,,,,,UC Davis
D25Q,yes,0.638,4.21323,0.350445,406.261,8.72705,96.425,8.28353,,,,,,UC Davis
D25Q,yes,5.72,4.52642,1.15259,352.751,23.5273,77.9314,20.5136,,,45.473,0.0473,,UC Davis
E26K,yes,0.623445,6.80908,0.483735,638.753,12.9118,93.809,6.92897,38.4475,0.294668,,,-0.905,Taylor
S32L,no,,,,,,,,,,,,,UC Davis
W34A,no,,,,,,,,,,,,,UC Davis
D35E,yes,1.999,2.72284,0.309761,16.2535,0.442511,5.96933,0.69827,,,,,11.55,UC Davis
D35W,yes,0.457,2.79691,0.550522,13.0236,0.61603,4.65642,0.942627,,,,,14.7,UC Davis
D35W,yes,0.342,2.45279,1.02521,2.02979,0.179463,0.827545,0.353549,,,46.76,3.56,13.992,UC Davis
T36I,no,,,,,,,,,,,,,UC Davis
T36N,yes,5.495,6.5736,1.20569,23.8849,1.23708,3.63345,0.692488,,,46.84,0.12,-0.151,UC Davis
F37N,yes,0.256,4.88098,0.154548,8.30813,0.071829,1.70215,0.0558685,,,,,,UC Davis
C38S,yes,1.03,6.63319,0.636416,1100.57,25.8373,165.918,16.3885,40.2997,0.318253,,,1.081,UC Davis
C38S,yes,1.3,10.9454,1.34325,570.722,22.2583,52.1426,6.71442,41.5623,0.368547,,,1.081,UC Davis
C38S,yes,0.75,3.57924,0.325336,1340.47,28.8352,374.513,34.9818,41.5313,0.110574,,,1.081,UC Davis
C38S,yes,1.124,2.66878,0.374003,214.72,7.16795,80.4563,11.5906,,,42.2333,0.150111,-1.361,UC Davis
I40T,yes,1.408,4.04666,0.208694,265.219,3.75219,65.5401,3.50491,,,43.3033,0.164418,2.241,UC Davis
P41L,yes,not reported,,,,,,,,,,,,LUC
G46C,yes,0.044,40.8051,25.6289,4.40022,1.24714,0.107835,0.074306,,,,,,UC Davis
C49S,yes,0.851,6.62643,3.18912,569.983,74.271,86.0166,42.8879,39.9902,0.0398092,,,,Gettysburg
V52A,yes,2.056,5.29871,0.914008,107.15,4.99094,20.2219,3.61314,,,40.85,0.168,,UC Davis
V52G,yes,not reported,8.25,0.54,562.854,10.8241,68.1919,4.54613,39.28,0.12,,,,UC Davis
F57Y,yes,2.75,5.11388,0.597923,37.2815,1.14588,7.29025,0.881348,,,45.1767,0.145026,-0.068,UC Davis
F57Y,yes,1.4,4.17688,0.366799,309.11,6.87422,74.0051,6.70402,,,45.6367,0.0152753,-0.071,UC Davis
H58R,yes,1.22,5.63795,0.677715,665.488,21.2182,118.037,14.6794,,,,,,UC Davis
H59R,yes,1.35,4.82872,0.347444,576.186,10.7092,119.325,8.86767,,,,,,UC Davis
H59R,yes,4.784,9.78872,0.803081,15.2922,0.387925,1.56223,0.134155,,,52.58,0.395,-0.151,UC Davis
H59R,yes,1.53,3.08533,0.199217,315.561,5.30406,102.278,6.82407,,,47.0333,0.0305505,-0.317,UC Davis
K61A,yes,1.549,3.78588,0.395916,167.626,4.44148,44.2767,4.77664,38.6853,0.382879,,,1.347,FIU
K61C,yes,2.856,1.93906,0.264233,111.754,3.65356,57.6332,8.07646,38.3916,0.186259,,,2.367,FIU
K61C,yes,2.868,1.55904,0.18731,119.753,2.98485,76.8118,9.425,37.7858,0.304358,,,2.367,FIU
K61D,yes,1.107,3.96106,0.38767,116.297,2.84634,29.36,2.96196,38.2744,0.295156,,,5.59,FIU
K61E,yes,1.357,3.78653,0.281699,141.579,2.66875,37.3903,2.86955,38.7633,0.213137,,,0.81,FIU
K61F,yes,3.285,3.66324,0.282421,21.2702,0.413024,5.8064,0.461631,38.3549,0.619347,,,7.625,FIU
K61F,yes,1.866,2.91066,0.214979,120.578,2.15516,41.4263,3.14803,36.4363,0.416025,,,7.627,FIU
K61G,yes,1.811,4.07461,0.235503,194.429,2.88582,47.7173,2.84744,37.7525,0.654231,,,4.63,FIU
K61G,yes,0.9031,1.96404,0.170254,10.3021,0.202924,5.24539,0.466291,38.2858,0.350786,,,,FIU
K61H,yes,6.161,1.94839,0.187008,163.956,3.5714,84.1491,8.28208,38.1929,0.120756,,,3.33,FIU
K61I,yes,1.7975,2.42693,0.189025,104.669,2.03209,43.1283,3.4619,38.4185,0.209611,,,1.12,FIU
K61L,yes,0.82545,2.36519,0.297832,60.7346,1.89779,25.6786,3.3316,40.6383,0.760532,,,5.534,FIU
K61M,yes,4.601,4.59192,0.526933,200.065,6.0299,43.5689,5.1692,38.0061,0.141972,,,2.61,FIU
K61N,yes,3.721,4.20181,0.510147,184.67,5.79073,43.95,5.51112,33.5076,10.2043,,,3.14,FIU
K61N,yes,3.285,4.11154,0.276507,129.134,2.23392,31.4078,2.18099,37.6728,0.34174,,,3.129,FIU
K61P,yes,1.488,2.89556,0.261673,81.6167,1.78131,28.1869,2.6205,38.9463,0.262314,,,11.704,FIU
K61Q,yes,1.418,4.28317,1.37674,136.964,12.4937,31.9773,10.6844,39.3048,0.220587,,,0.82,FIU
K61R,yes,2.603,2.82108,0.246511,109.813,2.30995,38.9257,3.49856,39.166,0.314852,,,1.425,FIU
K61S,yes,0.452,4.32055,0.840935,142.207,7.18611,32.9141,6.61867,,,46.2267,0.3139,-0.035,UC Davis
K61S,yes,3.212,1.17013,0.0648742,147.723,1.90797,126.245,7.18668,38.5104,0.158343,,,2.118,FIU
K61S,yes,3.066,4.17068,0.479701,308.21,9.14297,73.8992,8.77785,,,46.256,0.269547,2.067,UC Davis
K61W,yes,1.9395,3.95043,0.432501,74.189,2.21749,18.78,2.13132,38.1965,0.732523,,,7.807,FIU
K61Y,yes,0.4676,1.85939,0.171062,93.3094,1.9345,50.1828,4.73256,37.9938,0.494497,,,7.68,FIU
D63A,yes,0.01,,,,,0.332143,0.0916392,,,,,-0.03,UC Davis
D63C,yes,0.98,0.694387,1.31256,0.0497605,0.0200853,0.071661,0.13851,,,,,,UC Davis
D63F,yes,0.77,4.13268,9.33457,0.0552923,0.0307413,0.0133793,0.031122,,,,,,UC Davis
D63M,yes,0.099,0.237693,1.13073,0.164439,0.117727,0.691812,3.32807,,,,,,UC Davis
D63M,yes,0.618,0.0266571,0.161885,0.0860843,0.0364721,3.22932,19.6588,,,,,,UC Davis
D63N,yes,0.442,0.279773,0.425896,0.15806,0.0424878,0.564959,0.873338,,,,,,UC Davis
D63P,yes,0.284,,,,,,,,,,,,UC Davis
D63R,no,0.13,,,,,0.0213872,0.00472639,,,,,,UC Davis
D63S,yes,0.347,0.0858814,0.159219,0.119618,0.031545,1.39283,2.60822,,,,,,UC Davis
K68H,yes,2.785,3.83245,0.384678,397.558,10.133,103.735,10.7427,,,46.8067,1.12621,2.387,UC Davis
K68H,yes,3.73,4.2022,1.13572,255.331,17.4298,60.7614,16.9376,,,45.31,0.08,,UC Davis
F72A,yes,not reported,5.47,0.28,502.239,6.49447,91.7885,4.76261,38.61,0.43,,,,UC Davis
Y75F,yes,0.114,0.4375,0.485828,1.53551,0.295848,3.50973,3.95565,40.0874,1.69366,,,2.027,UC Davis
Y75F,yes,3.87,6.5717,1.95866,251.696,22.5626,38.3,11.9203,,,46.373,0.552,2.028,UC Davis
Y75N,yes,0.203,7.87894,0.548468,410.744,8.01612,52.1319,3.76892,,,,,,UC Davis
Y75N,yes,0.09,2.07624,0.363253,318.147,14.8516,153.232,27.747,37.9828,1.21579,,,10.766,UC Davis
R76A,no,,,,,,,,,,,,,UC Davis
R76L,yes,0.538,43.3623,1.8234,7.36556,0.142704,0.169861,0.00786441,,,,,,UC Davis
R76Q,yes,0.703,6.62266,2.32654,0.842671,0.0837474,0.127241,0.0464539,,,,,-0.07,UC Davis
F77D,no,0.215,,,,,,,,,,,,UNH
F77W,yes,0.384,73.3203,94.8701,19.9853,14.3134,0.272575,0.403111,,,,,,UC Davis
S78A,yes,3.118,20.0816,1.37274,189.994,4.8692,9.4611,0.690702,,,37.5367,0.051316,1.921,UC Davis
V79I,yes,3.63,3.04106,0.345099,493.553,12.2559,162.296,18.8532,39.2238,0.160715,,,,UC Davis
V79I,yes,3.48,3.38246,0.277275,523.294,10.6524,154.708,13.0673,,,,,,UC Davis
V79T,yes,2.67,5.29315,2.61186,239.433,31.8081,45.2345,23.1154,,,46.65,0.13,4.679,UC Davis
A80P,no,,,,,,,,,,,,,UC Davis
A80P,no,0.3,0.166153,0.107005,0.487775,0.0511453,2.9357,1.91554,,,30.6,10.1,190.938,UC Davis
A80P,yes,0.38,8.0936,0.553009,28.1606,0.569007,3.47937,0.247911,34.9416,0.466416,,,,Elmhurst
A80S,yes,2.042,3.22846,0.302887,404.038,9.33688,125.149,12.0921,,,43.41,0.12,2.785,UC Davis
A80S,yes,0.6612,13.0828,1.18155,2139.28,64.0282,163.518,15.5576,38.8263,0.639498,38.8,0.6,2.785,LUC
A80S,yes,2.4,3.43973,0.269564,514.857,10.0491,149.679,12.0883,42.2194,0.231211,,,2.704,UC Davis
A80S,yes,2.312,1.64028,0.288088,78.1353,3.72435,47.6352,8.66896,,,46.5567,0.221886,2.704,UC Davis
A80S,yes,3.19,1.864,0.288727,349.342,12.1987,187.415,29.7586,40.8401,0.165494,,,1.657,Mines
A88E,yes,2.138,0.572704,0.138096,249.737,11.5575,436.067,107.067,,,44.3233,0.0351188,-1.443,UC Davis
A88E,yes,2.286,6.89256,0.874693,367.443,13.3058,53.3101,7.0353,,,44.5267,0.244199,,UC Davis
A88E,yes,3,4.15126,0.528791,335.792,11.0224,80.8893,10.6404,,,48.1299,0.323676,-1.443,UC Davis
A88K,yes,0.793,4.45925,0.597696,307.391,10.4873,68.9334,9.53412,,,,,,UC Davis
I90V,yes,1.252,6.67355,0.281666,790.658,9.18189,118.476,5.18628,,,,,,UC Davis
I91A,yes,0.7342,9.83193,3.62693,202.722,22.2767,20.6187,7.93638,37.5966,431281,,,,FIU
I91A,yes,0.107,5.05516,0.365881,1005.14,20.8957,198.835,14.9731,39.4083,0.0681081,,,-2.767,MiraCosta
I91C,yes,5.451,3.5802,0.14932,19.5678,0.212717,5.46556,0.235569,38.0734,0.177022,,,,FIU
I91D,yes,0.7249,11.2142,0.68815,89.6071,1.75792,7.99047,0.514775,37.3728,183653,,,,FIU
I91E,yes,not reported,6.71,0.79,692.743,28.1427,103.262,12.7725,39.66,0.32,,,,UC Davis
I91G,yes,0.4478,9.29764,3.3123,93.72,10.1973,10.08,3.75476,,,,,,FIU
I91H,yes,3.692,11.586,0.813797,181.188,4.10267,15.6385,1.15411,37.5633,221464,,,,FIU
I91K,yes,0.306,3.73383,0.924584,4015.85,262.11,1075.53,275.423,39.7199,0.28844,,,,Gettysburg
I91M,yes,0.8651,9.04306,0.552006,148.54,2.75115,16.4259,1.04781,37.464,0.269813,,,,FIU
I91N,yes,1.505,9.38544,0.980439,183.852,5.87894,19.589,2.14007,35.9586,0.164679,,,,FIU
I91Q,yes,3.466,13.3441,0.578805,208.992,3.03123,15.6618,0.716309,37.7535,2701870,,,,FIU
I91R,yes,0.8955,8.45322,2.50278,207.622,18.3606,24.5613,7.58939,36.2029,0.199561,,,,FIU
I91R,yes,0.156,6.3114,0.357489,271.895,4.30383,43.08,2.53362,39.0666,0.219195,,,-8.028,MiraCosta
I91S,yes,1.401,10.1267,3.43004,299.17,29.0186,29.5426,10.4086,36.7652,0.249435,,,,FIU
I91V,yes,1.879,10.4381,1.37105,22.5442,0.9249,2.1598,0.297206,37.9422,88473.6,,,,FIU
I91Y,yes,2.714,10.9049,0.597344,248.759,4.32325,22.8116,1.31094,35.7818,0.1634,,,,FIU
H101R,yes,not reported,10.62,0.53,868.094,12.9889,81.8303,4.32965,40.09,0.1,48.21,,,UC Davis
I106A,yes,1.029,5.15195,0.341146,732.211,13.0189,142.123,9.7443,,,,,,KWC
L108E,yes,3.698,4.31187,0.219946,404.923,5.36054,93.909,4.94894,,,,,-1.785,UC Davis
L108E,yes,1.835,8.47318,1.12541,370.058,14.6887,43.6741,6.05429,,,43.25,0.015,0.767,UC Davis
L108M,yes,2.347,4.13794,0.354657,391.184,8.59781,94.5359,8.36471,,,47.25,0.13,0.629,UC Davis
L108N,yes,2.91,4.26992,0.667345,330.391,13.3766,77.3764,12.4923,,,44.8067,0.0378594,-0.015,UC Davis
L108S,yes,0.26,2.76052,0.496807,95.3824,4.11743,34.5523,6.3947,38.0951,0.479742,,,-1.12,UC Davis
M114S,yes,1.176,13.793,1.07456,257.246,6.76021,18.6505,1.53343,,,,,5.021,UC Davis
M114S,yes,0.682,5.80462,0.504709,48.8546,1.16618,8.4165,0.758888,,,40.0041,34.1069,5.021,UC Davis
T116I,yes,3.418,29.3908,2.91504,261.622,10.6547,8.90149,0.954401,,,42.58,0.5024,-7.27,UC Davis
T116I,yes,1.642,21.7568,14.4426,529.512,133.47,24.3377,17.2814,,,43.73,0.04618,15.723,UC Davis
T116I,yes,0.897,13.8681,1.78681,140.259,6.10502,10.1138,1.37545,,,44.1433,0.0757188,,UC Davis
T116S,yes,1.608,2.20714,0.4376,138.124,6.33586,62.5807,12.7353,,,43.12,0.0781,4.001,UC Davis
Y118A,yes,0.31,11.8991,1.17841,11.1875,0.359384,0.940199,0.0978877,,,46.0233,0.125033,,UC Davis
Y118F,yes,3.728,0.868151,0.861349,108.435,20.7226,124.904,126.203,,,44.5467,0.5953,3.463,UC Davis
Y118F,no,0.3381,,,,,,,,,,,2.976,LUC
H119A,yes,not reported,15.1,3.36,116.9,8.65929,7.79336,1.73186,40.23,0.19,,,,UC Davis
H119D,yes,0.611,,,,,0.00296858,0.000322735,,,,,1.647,UC Davis
H119D,yes,0.365,,,,,4.41583,0.406842,,,,,1.097,Yale
H119D,yes,0.185,,,,,0.0251981,0.00114839,,,,,2.822,Yale
H119D,no,,,,,,,,,,,,10.148,Yale
H119E,no,,,,,,,,,,,,,UC Davis
H119M,yes,0.548,17.0177,4.06877,9.77367,0.832921,0.574325,0.145778,,,,,,UC Davis
H119N,yes,not reported,23.22,2.2,2.16482,,,,40.31,0.61,,,,UC Davis
H119Q,yes,0.802,67.2583,12.7033,153.081,16.0399,2.27601,0.491599,,,45.6533,0.635321,,UC Davis
H119T,yes,0.842,66.0898,31.0994,20.6536,5.18802,0.312509,0.166695,,,,,,UC Davis
H119T,yes,1.34,,,,,0.238393,0.00966601,,,45.13,0.495681,3.095,UC Davis
H119V,yes,0.434,44.3643,5.88219,5.21993,0.333981,0.11766,0.0173218,,,,,,UC Davis
W120A,no,,,,,,,,,,,,,UC Davis
W120D,yes,0.184,12.3393,0.442249,47.0394,0.533465,3.81215,0.143306,,,,,,UC Davis
W120D,yes,not reported,15.5323,6.04333,140.814,17.8094,9.06591,3.70906,35.649,0.0447776,,,5.932,Yale
W120D,yes,0.2439,,,,,0.0640467,0.00365257,,,,,5.932,Yale
W120E,yes,0.11,2.01933,0.758798,8.93559,0.610006,4.42502,1.68999,40.8899,0.128421,,,6.469,UC Davis
W120E,yes,0.932,,,,,0.0688465,0.00270958,,,44.7933,0.327465,4.684,UC Davis
W120F,yes,not reported,16.08,2.07,387.503,17.3186,24.0295,3.24723,41.68,0.36,50.74,,,UC Davis
W120G,yes,0.384,,,,,0.120565,0.00231913,,,,,,UC Davis
W120H,yes,not reported,89.18,4.31,69.2743,2.16482,0.865929,,40.09,0.14,46.16,,,UC Davis
W120K,yes,0.246,56.496,10.5498,1.68975,0.159401,0.0299093,0.00625734,,,,,,UC Davis
W120L,yes,1.433,,,,,0.609483,0.0178377,37.6107,633161,,,,FIU
W120M,yes,1.464,50.8593,3.20475,100.248,3.19141,1.97109,0.139154,,,43.92,0.072111,5.232,UC Davis
W120N,yes,0.2878,22.7171,11.5814,2.41807,0.474506,0.106443,0.0581467,,,,,,FIU
W120N,yes,0.888,0.713103,0.293304,3.57154,0.317665,5.00845,2.10762,,,48.15,0.12,4.573,UC Davis
W120P,no,,,,,,,,,,,,,MWSU
W120Q,yes,0.629,,,,,0.286093,0.0178531,,,,,,UC Davis
W120S,yes,0.74,13.5061,2.64841,1.19849,0.0788318,0.0887375,0.0183534,,,,,0.021,PolyU
W120S,yes,0.384,,,,,0.10385,0.00380254,40.2963,0.917088,,,,TMCC
W120T,yes,0.462,0.367782,0.247821,0.369714,0.0485749,1.00525,0.690122,,,47.03,2.14,-0.24,UC Davis
W120Y,yes,4.988,16.9418,2.50145,7.50915,0.428956,0.443233,0.0701706,34.8447,0.23651,,,,FIU
W120Y,yes,2.366,24.1185,3.28725,1.64642,0.0888919,0.0682638,0.0100075,,,50.21,1.16,11.123,UC Davis
D121F,no,,,,,,,,,,,,,UC Davis
L122Q,yes,0.68,2.20655,0.819771,88.1474,7.56204,39.9481,15.2319,36.8172,0.111921,,,7.943,UC Davis
L122Q,yes,0.2,2.72088,0.228289,812.923,20.2009,298.772,26.1442,36.3327,0.249356,,,7.994,UC Davis
P123D,no,,,,,,,,,,,,21.201,UC Davis
Q124D,yes,0.75,4.59673,0.464121,193.766,4.87001,42.153,4.38597,36.2063,0.358111,,,10.075,UC Davis
Q124G,yes,0.245,6.17182,0.266714,71.2689,0.858144,11.5475,0.51803,36.5608,0.223435,,,,MJC
Q124I,yes,1.74,3.42763,0.221664,152.487,2.31522,44.4876,2.95524,40.3539,0.692004,,,5.386,UC Davis
Q124P,yes,0.75,4.89605,0.405322,313.429,6.90026,64.0167,5.48385,38.6367,0.397515,,,335.995,UC Davis
Q124P,yes,1.21,5.10034,0.325607,214.286,3.66594,42.014,2.77682,40.3922,0.430292,,,,MJC
Q124S,yes,0.61,5.6628,0.771857,141.227,5.27017,24.9393,3.5244,,,,,,MJC
Q124T,yes,1.3,5.65252,0.455594,181.638,4.00669,32.1341,2.68526,39.6799,0.782319,,,7.519,UC Davis
Q124T,yes,0.21,5.42176,0.52303,133.779,3.50221,24.6745,2.46641,36.3318,0.222312,,,,MJC
W125F,yes,1.6,4.77454,0.442915,47.6228,1.14681,9.97433,0.955946,36.795,0.435227,,,6.327,Yale
W125R,yes,0.184,3.70895,0.985667,62.3607,4.07537,16.8136,4.60138,41.258,1.53023,,,10.074,UC Davis
E127D,yes,0.219,2.41708,0.323613,136.561,4.29147,56.4982,7.76988,39.2122,0.327715,,,,Gettysburg
D128E,yes,0.36,5.53785,0.37963,996.398,18.6158,179.925,12.7841,39.6662,0.111972,,,1.735,Yale
D128E,yes,0.489054,5.6561,0.546432,154.075,4.01458,27.2405,2.72572,38.2704,0.372697,,,1.782,Yale
D128E,yes,0.2,7.75325,1.01098,532.646,19.6025,68.6997,9.30803,39.2622,0.153252,,,1.787,Yale
E129Q,yes,0.899,5.17029,0.459178,348.93,8.32996,67.4875,6.20638,,,43.3567,0.0152753,-1.11,UC Davis
T133Y,yes,3.224,1.58098,0.155423,248.548,6.15556,157.211,15.938,,,44.4567,0.185023,6.801,UC Davis
Q139E,yes,4.168,6.47441,1.12302,754.043,35.1759,116.465,20.9193,,,47.6533,1.25161,-0.555,UC Davis
Q139K,yes,0.473,6.51627,0.523387,32.3478,0.732489,4.96416,0.414264,,,45.27,0.16,-3.785,UC Davis
Q139K,yes,0.473,6.51627,0.511973,32.3478,0.716514,4.96416,0.40523,,,45.27,0.161658,-3.785,UC Davis
Q139K,yes,0.342,5.17634,1.15636,115.481,6.93618,22.3093,5.16077,,,45.1,0.095,-0.415,UC Davis
Q139K,yes,2.324,3.64763,0.271611,332.439,6.22997,91.1383,6.99799,,,45.3,0.0655744,-1.752,UC Davis
Q139K,yes,2.9,2.76848,0.341696,284.547,8.42793,102.781,13.0457,,,43.3167,0.173877,,UC Davis
Q139K,yes,5.15,5.62358,0.762201,214.064,7.92955,38.0654,5.34848,,,45.52,0.34,,UC Davis
K142R,yes,0.54,4.57444,1.25636,60.2372,4.34212,13.1682,3.73911,,,,,,Augustana
Y144W,yes,1.702,2.48237,0.472644,280.507,12.4448,113,22.0915,,,43.787,0.407,-8.794,UC Davis
A145C,yes,2.416,4.01824,0.276742,368.619,6.50273,91.7365,6.52199,,,44.25,0.06,2.966,UC Davis
A145C,no,,,,,,,,,,,,,UC Davis
A145E,yes,2.618,4.95108,0.380744,295.126,6.04872,59.6084,4.74396,40.7501,0.136546,,,,Crown
M149I,yes,2.6,9.0263,0.698813,377.202,8.85683,41.7892,3.38083,,,42.2333,0.0723418,88.469,UC Davis
D150V,yes,0.38,3.02405,0.708478,0.966499,0.0547428,0.319604,0.0770342,39.5557,0.293711,,,19.017,UC Davis
D150V,yes,2.28,2.66745,0.486901,255.906,12.0088,95.9369,18.0812,,,45.0667,0.175024,6.316,UC Davis
E154A,yes,0.27,30.9236,13.4554,112.219,19.9842,3.6289,1.70613,,,,,1.597,UC Davis
E154D,yes,not reported,3.46,0.76,720.886,38.9668,208.256,47.1931,38.83,0.32,49.5,,,UC Davis
E154F,yes,0.721,6.49479,0.560428,2334.74,61.1424,359.478,32.4161,,,,,,KWC
N157D,yes,0.721,6.31766,0.558599,330.094,8.17449,52.2495,4.79761,,,47.49,0.01,-1.004,UC Davis
N157H,yes,2.059,2.16902,0.456383,344.878,16.7105,159.001,34.331,,,44.1371,0.00866164,-0.398,UC Davis
N157T,yes,0.258,2.54518,0.585509,19.6802,1.07155,7.73235,1.82794,,,,,,Augustana
N157Y,yes,1.15,7.38812,0.929267,1508.48,51.8442,204.177,26.6225,40.8258,0.226707,,,-1.573,Taylor
W158N,yes,2.792,4.95273,0.177204,850.781,7.90047,171.78,6.34977,,,,,,UC Davis
N160A,yes,3.586,14.2607,1.61102,402.423,15.4735,28.219,3.36745,,,44.12,0.35,2.41,UC Davis
N160C,yes,4.07,4.94628,0.663337,499.661,17.8482,101.018,14.0196,,,42.88,0.0568624,,UC Davis
N160H,yes,0.988,14.8125,0.907949,144.27,3.04104,9.73974,0.631324,,,41.2267,0.0378594,20.563,UC Davis
N160S,yes,3.61,6.71107,0.558755,393.53,9.29356,58.6389,5.0748,,,42.47,0.10116,,UC Davis
N160V,yes,1,8.65635,1.44337,913.841,44.2745,105.569,18.3307,37.9867,205656,,,,UC Davis
N160V,yes,1.85,8.65635,1.44337,493.968,23.9322,57.0642,9.90847,39.5536,0.184435,,,,UC Davis
N160V,yes,2.69,3.1768,0.871961,121.62,7.67217,38.2839,10.782,,,,,,UC Davis
N160V,yes,1.52,3.85649,1.02197,712.035,41.2272,184.633,50.0822,39.111,0.345355,,,4.151,UC Davis
N163A,yes,not reported,11.95,0.91,6.49447,,0.649447,,41.16,0.29,44.37,,,UC Davis
N163C,yes,not reported,5.42,0.32,21.6482,,3.89668,0.216482,38.05,0.31,40.47,,,UC Davis
N163D,yes,not reported,15.19,1.41,10.8241,,0.649447,,38.52,0.3,,,,UC Davis
N163E,no,,,,,,,,,,,,,UC Davis
N163G,yes,2.378,9.68019,0.471484,2.39004,0.0358977,0.2469,0.0125843,,,41.68,0.01,5.965,UC Davis
N163H,yes,not reported,,,,,,,,,43.847,0.0757,21.911,UC Davis
N163K,no,,,,,,,,,,,,,UC Davis
N163Q,yes,0.105,7.01023,4.08905,1.11468,0.16848,0.159007,0.0958119,,,,,,UC Davis
N163S,yes,0.302,2.66766,0.410842,1757.97,62.1782,658.994,104.133,38.1303,0.509612,,,,Gettysburg
N163T,yes,0.17,23.0115,2.6674,4.78891,0.208591,0.208109,0.02577,,,,,,UC Davis
N163T,no,0.0287,,,,,,,,,,,4.531,LUC
N163T,yes,0.0796,,,,,,,,,,,,LUC
E164A,yes,not reported,1.01,0.17,,,,,45.99,0.13,53.86,,,UC Davis
E164G,no,,,,,,,,,,,,,UC Davis
E164R,no,,,,,,,,,,,,,UC Davis
P165A,yes,0.2,3.72855,0.331379,554.709,12.4567,148.774,13.638,39.4793,0.200058,,,,Gettysburg
Y166F,yes,0.3735,5.16222,0.665486,5.89211,0.20404,1.14139,0.152358,,,,,,Augustana
Y166F,yes,0.27,4.94905,1.4592,8.68278,0.682244,1.75443,0.535338,,,,,,Augustana
Y166H,yes,1.342,22.3489,1.56761,593.872,16.1212,26.5727,1.99859,,,44.4733,0.08,3.44,UC Davis
Y166H,yes,1.282,14.384,0.947499,534.266,12.0064,37.143,2.58513,,,44.126,0.193,3.44,UC Davis
Y166K,yes,0.338,2.24365,0.552799,1.80045,0.101503,0.802463,0.202823,,,48.38,0.517,11.356,UC Davis
Y166P,no,,,,,,,,,,,,,UC Davis
Y166S,yes,1.644,6.66892,1.03896,43.2733,1.91006,6.48881,1.05069,,,,,8.17,UC Davis
Y166W,yes,1.898,7.57644,0.520062,9.66633,0.187466,1.27584,0.0910046,,,,,,UC Davis
C167A,yes,not reported,14.56,1.27,391.833,10.8241,26.8438,2.3813,39.84,0.54,51.13,,,UC Davis
C167D,yes,1.597,57.5226,10.9228,87.6059,8.75948,1.52298,0.326837,,,46.4467,0.07629,7.612,UC Davis
C167E,yes,0.695,5.14284,0.200172,183.502,1.86696,35.681,1.43546,,,,,,UC Davis
C167H,yes,0.358,3.72796,0.628933,168.193,6.20905,45.1167,7.79159,,,,,,UC Davis
C167H,no,,,,,,,,,,,,,DUNY
C167N,yes,2.327,37.3627,2.89984,487.424,16.573,13.0457,1.10542,,,,,,UC Davis
C167N,yes,1.72,1.67313,0.572311,232.26,17.6312,138.818,48.6395,,,43.98,0.160935,4.143,UC Davis
C167N,yes,0.3295,7.08884,0.707356,438.021,12.5485,61.7903,6.41478,40.1631,0.236881,,,6.683,Yale
C167Q,yes,not reported,4.92,0.19,413.481,4.32965,83.9951,3.46372,38.86,0.12,48.15,,,UC Davis
C167S,yes,5.132,71.4647,9.53845,16.9686,1.28182,0.23744,0.036415,,,,,2.95,UC Davis
C167S,yes,2.278,,,,,0.115872,0.00347588,,,48.0467,0.204042,2.973,UC Davis
C167T,yes,0.203,2.06018,0.206879,344.531,8.3847,167.233,17.2794,37.0483,0.300479,,,9.586,Yale
C167T,yes,1.34,,,,,0.190673,0.00843131,41.2194,0.799056,,,12.246,Yale
A168N,yes,0.423,7.31259,0.402839,156.964,2.42444,21.4649,1.22807,,,,,,UC Davis
S169A,yes,1.346,4.32988,0.447765,515.58,14.8279,119.075,12.7812,,,44.8489,0.519421,-2.197,UC Davis
S169D,yes,0.127,68.866,91.891,1.55168,1.12125,0.0225319,0.0341909,,,,,,UC Davis
S169N,yes,0.277,10.1151,5.32225,1.64573,0.243091,0.1627,0.0889165,,,,,,UC Davis
I170A,yes,0.425,2.40907,0.159644,253.539,3.94151,105.244,7.16363,,,,,4.757,Yale
I170A,yes,0.367,3.38452,0.177828,673.518,8.78863,198.999,10.7733,37.3799,0.0858261,,,4.838,Yale
I170Y,yes,0.860081,4.82184,0.463697,432.771,11.0346,89.7523,8.92936,34.9591,0.24773,,,6.697,Taylor
L171A,yes,not reported,11.09,0.42,662.436,6.49447,59.7491,2.3813,38.8,0.53,42.89,,,UC Davis
L171F,yes,2.7,1.58659,0.121389,261.365,4.40197,164.733,12.9054,,,47.04,0.001,1.616,UC Davis
L171F,yes,8.121,5.64768,0.359428,362.852,7.4069,64.248,4.29404,,,51.5,,,UNF
L171F,yes,5.087,3,0.709359,63.7344,0.0643087,21.2448,5.02344,,,51.5,,,UNF
L171H,yes,3.264,7.23164,0.810088,256.554,8.2743,35.4765,4.13551,,,46.66,0.1,,UC Davis
L171I,yes,0.688,18.6902,3.62202,427.792,29.3215,22.8885,4.70488,,,,,,UC Davis
L171I,yes,0.655,5.11629,0.232903,207.219,2.71532,40.5019,1.91859,,,44.0033,0.134288,39.302,UC Davis
L171I,yes,1.525,7.84381,0.441302,334.144,5.35275,42.5998,2.49197,,,43.8333,0.005774,,UC Davis
L171M,yes,0.791,3.41921,0.205371,247.936,3.70512,72.5126,4.48817,,,45.51,0.0866025,,UC Davis
L171Q,yes,1.124,7.98772,0.658001,77.1336,1.81575,9.65652,0.827314,,,,,,UC Davis
L171Q,yes,1.268,2.75384,0.341988,554.665,17.2957,201.415,25.7894,,,43.01,0.117,3.94,UC Davis
L171R,yes,not reported,3.36,0.23,331.218,6.49447,98.4994,6.92743,38.83,0.32,44.64,,,UC Davis
L171Y,yes,0.914,1.09734,0.120837,410.379,9.44801,373.976,42.0721,37.1564,0.0870033,,,,Gettysburg
L171Y,yes,1.566,1.67187,0.572644,255.09,19.3873,152.577,53.5313,,,42.21,0.03,-0.411,UC Davis
Y173L,yes,0.17,1.28235,0.181886,193.654,7.4094,151.014,22.1851,,,,,-3.625,UC Davis
Y173L,yes,0.03,,,,,,,,,,,10.088,UC Davis
Y173L,yes,0.547,2.89532,0.12125,97.0939,1.2217,33.5348,1.46639,,,,,10.067,UC Davis
T175A,yes,0.383,10.598,0.792304,425.013,9.67654,40.1031,3.13404,,,,,,UC Davis
T175C,yes,0.329,14.1441,1.21033,2190.58,61.4356,154.876,13.9466,,,,,,UC Davis
T175H,yes,0.0446,4.89384,0.903846,362.278,17.2338,74.0273,14.1184,37.5992,0.98178,,,10.003,LUC
T175H,yes,0.1,0.204001,0.28029,36.944,7.34977,181.097,251.415,,,,,,LUC
T175K,yes,2.026,6.20697,0.539103,708.495,16.6851,114.145,10.272,,,,,,UC Davis
T175M,yes,2.498,5.03812,0.717406,283.662,12.1351,56.3031,8.37131,,,43.08,0.115326,0.342,UC Davis
T175R,yes,not reported,3.59,0.15,655.941,6.49447,182.711,7.79336,38.06,0.11,,,,UC Davis
E177A,yes,not reported,5.98,0.22,807.479,8.65929,135.085,5.19557,37.54,0.24,,,,UC Davis
E177A,yes,6.124,6.08601,0.580561,325.002,8.61533,53.4015,5.28715,,,50.25,0.3536,3.091,UNF
E177A,yes,1.746,9.40787,0.737124,261.215,6.26843,27.7655,2.27523,,,43.7767,0.352326,,UC Davis
E177C,yes,1.522,6.12891,0.262638,70.7891,0.820432,11.55,0.512728,,,,,,UC Davis
E177D,yes,1.93,,,,,,,37.8711,80708.3,,,,UC Davis
E177D,yes,1.97,5.04082,0.583457,404.098,12.5098,80.1651,9.60496,37.8415,76045.9,,,,UC Davis
E177I,no,,,,,,,,,,,,,UC Davis
E177K,yes,not reported,6.19,0.3,454.613,6.49447,73.3875,3.6802,36.73,0.25,,,,UC Davis
E177L,yes,not reported,7.48,0.36,549.865,8.65929,73.604,3.6802,39.6,0.42,,,,UC Davis
E177Q,yes,0.583,8.17326,0.464153,799.391,13.0365,97.8057,5.7788,,,,,,UC Davis
E177T,yes,2.726,8.7142,0.588623,504.889,9.9345,57.9386,4.07628,,,,,,UC Davis
E177T,yes,2.102,6.45662,1.0781,259.195,12.1775,40.144,6.96334,,,43.59,0.052915,,UC Davis
E177W,yes,0.385,5.66252,0.392436,101.274,1.92156,17.8849,1.28511,40.7605,0.148415,,,5.157,Yale
E177W,yes,0.198,14.9706,1.83275,20.8065,0.8781,1.38982,0.179973,38.5169,0.39229,,,5.157,Yale
H178A,yes,not reported,7.67,0.73,93.0874,2.16482,12.123,1.08241,39.64,0.4,,,,UC Davis
H178C,yes,0.037,0.987713,0.318122,73.5187,5.41595,74.4333,24.5925,,,,,3.459,LUC
H178C,yes,0.16,6.80773,0.298662,113.157,1.41277,16.6219,0.758172,,,,,3.432,CSU
H178F,yes,0.124,6.06821,0.360094,66.0244,1.08779,10.8804,0.670077,,,,,-3.375,CSU
H178F,yes,0.435,3.37812,0.315221,276.418,6.40371,81.8261,7.86719,,,40.4636,0.106264,-3.457,UC Davis
H178K,yes,0.672,25.1468,1.68809,22.5251,0.606854,0.895743,0.0647924,,,,,8.901,UC Davis
H178N,yes,2.586,7.36168,1.0196,121.144,4.85731,16.456,2.37275,,,,,,UC Davis
H178N,yes,0.0464,1.39561,0.506218,273.131,22.0404,195.708,72.7233,,,,,,LUC
H178N,yes,0.85098,5.6365,0.300766,626.835,9.83553,111.21,6.18545,39.3672,0.191699,,,3.25,Taylor
H178Q,yes,0.169,8.73148,0.501303,231.437,3.99818,26.506,1.5892,,,,,2.583,CSU
H178R,no,,,,,,,,,,,,,UC Davis
H178R,yes,0.091,4.96296,0.481359,48.8659,1.38855,9.84612,0.995118,,,,,,UC Davis
H178S,yes,0.095,14.8574,0.608142,50.9834,0.688666,3.4315,0.147908,,,,,,UC Davis
H178W,no,,,,,,,,,,,,,LUC
H178W,yes,0.718,10.3056,1.54602,2.74377,0.128862,0.26624,0.0418521,,,,,301.45,UC Davis
H178W,yes,1.32,3.69856,0.580406,660.606,26.1367,178.612,28.9062,,,,,20.167,MiraCosta
H178Y,yes,0.162,4.73037,0.244174,3.97659,0.0541984,0.840651,0.0448803,,,,,-1.232,CSU
H182K,yes,5.119,4.43097,0.346253,377.159,7.6885,85.1189,6.87412,,,50,,-0.756,UNF
H182Q,yes,5.631,5.80585,0.383734,412.329,8.06601,71.0196,4.89528,,,49.5,0.7071,1.977,UNF
H182R,yes,0.684,10.0445,0.976292,720.014,21.0615,71.6824,7.27597,,,,,,UC Davis
H182S,yes,1.183,4.25865,0.229974,333.934,8.2867,78.413,4.66011,,,48.5,0.707107,2.733,UNF
H182T,yes,4.016,3.71822,0.290269,190.976,9.39836,51.3621,4.73987,,,49.3333,1.1547,8.116,UNF
H182V,no,,,,,,,,,,,,6.629,UNF
H182Y,yes,2.897,8.32917,2.1545,528.016,53.426,63.3936,17.6078,,,47.17,0.29,2.957,UNF
E183D,no,2.66655E-5,1.08821,0.117744,885.314,21.4683,813.551,90.21,39.5604,0.502237,,,1.759,Taylor
E183H,yes,0.855,6.39545,0.546764,355.873,8.29917,55.6448,4.93104,,,,,,UC Davis
E183T,yes,4.101,4.50026,0.253193,581.3,8.57032,129.17,7.51274,,,,,,UC Davis
N184D,yes,1.31,3.84172,0.436867,1109.43,32.0501,288.785,33.8828,40.4425,0.250008,,,-0.176,UC Davis
E187A,yes,8.07,5.93625,0.366599,384.409,8.59418,64.7561,4.25306,,,51.1667,0.57735,2.263,UNF
E187F,yes,6.125,5.31788,0.223837,40.8884,0.465235,7.68884,0.33525,,,50.8333,0.577,1.822,UNF
E187T,yes,2.838,6.15274,1.06506,404.923,20.1155,65.8118,11.8521,,,49.1667,0.763763,5.397,UNF
A192S,yes,not reported,5.09,0.18,775.006,8.65929,152.187,5.62854,39.24,0.29,,,,UC Davis
H194G,yes,0.2,1.58885,0.295733,91.4569,4.38134,57.5618,11.0632,,,,,7.033,UC Davis
H194L,yes,0.19,1.63863,0.292465,136.084,6.49879,83.0476,15.3439,,,,,28.931,UC Davis
H194L,yes,0.29,3.90617,0.451148,130.469,3.83971,33.4007,3.98093,37.4017,0.224806,,,,MJC
H194N,yes,0.85,4.30864,0.436576,158.821,4.17592,36.8611,3.85868,39.3175,0.476916,,,,MJC
H194N,yes,1.29,4.70633,0.422653,178.723,4.23374,37.9751,3.52701,38.5022,0.352518,,,,MJC
H194Q,yes,0.16,6.08225,0.858844,78.8303,3.09284,12.9607,1.89945,37.2132,0.293977,,,,MJC
H194V,yes,1.04,4.27052,0.533931,194.402,6.29655,45.5218,5.87934,39.8698,0.529475,,,22.145,UC Davis
H194Y,yes,0.734,4.8498,0.322481,185.865,3.26996,38.3242,2.63601,38.9776,0.371205,,,,MJC
H194Y,yes,0.76,6.38154,1.08103,187.649,8.92195,29.405,5.17365,38.834,0.252614,,,,MJC
C198A,yes,3.026,4.72975,0.467515,82.8599,2.16349,17.5189,1.79106,39.2622,0.211181,,,-0.89,FIU
C198D,no,,,,,,,,,,,,6.815,FIU
C198F,no,,,,,,,,,,,,287.858,FIU
C198G,yes,0.9275,1.5896,0.341632,18.0128,0.835983,11.3317,2.49151,37.218,0.404957,,,4.083,FIU
C198K,yes,1.759,4.95619,0.182155,84.9228,0.832011,17.1347,0.651744,36.7105,1.33214,,,55.567,FIU
C198L,yes,0.6808,,,,,,,,,,,33.224,FIU
C198M,yes,1.244,4.92867,0.670157,80.926,2.87782,16.4195,2.30767,36.0588,0.405172,,,42.876,FIU
C198N,no,,,,,,,,,,,,12.02,FIU
C198Q,no,0.6503,1.56977,0.322454,2.79187,0.149034,1.77852,0.377468,40.8556,1.08097,,,16.66,FIU
C198S,yes,1.984,2.74697,0.386375,113.147,3.80942,41.1897,5.9572,38.5967,0.265901,,,1.987,FIU
C198T,yes,5.487,2.27407,0.238907,132.067,3.22514,58.0751,6.26386,35.9333,0.267241,,,3.153,FIU
S203V,yes,0.98,3.05275,0.463746,1281.51,47.4929,419.789,65.6408,44.2754,0.33366,,,-4.121,UC Davis
T212E,yes,1.141,4.98741,0.778856,406.749,16.9533,81.5551,13.1818,,,49.36,0.2252,-0.21,UC Davis
T212E,yes,1.287,4.8678,0.401542,361.498,7.92111,74.2632,6.33838,,,43.54,0.0781025,-0.21,UC Davis
I217S,yes,1.08,5.45506,0.66279,1280.41,42.2699,234.72,29.5525,42.3613,0.0799356,,,6.364,UC Davis
T218A,yes,not reported,6.51,0.94,381.009,15.1538,58.4502,8.65929,40.08,0.09,47.5,,,UC Davis
T218G,yes,1.778,6.65714,1.33665,141.969,7.97867,21.3259,4.44649,,,43,0.5,8.267,UC Davis
T218Q,yes,1.042,,,,,0.0613477,0.00232173,,,,,,UC Davis
T218Q,yes,4.4,5.49396,0.460032,376.93,8.588,68.608,5.95371,,,46.2667,0.650718,22.755,UC Davis
T218S,yes,1.11,14.3946,2.25087,378.281,20.184,26.2794,4.34193,40.9786,0.21863,,,,Gettysburg
T218S,yes,3.002,30.636,3.48706,327.093,15.9041,10.6768,1.32149,,,47.46,0.323574,,UC Davis
L219M,yes,0.821,5.57856,0.62616,248.481,7.6126,44.5422,5.18248,,,44.5433,0.257941,,UC Davis
L219Q,yes,1.535,7.14805,0.156818,1265.96,7.75103,177.106,4.03392,,,,,,UC Davis
L219Q,yes,0.5,5.57703,3.49536,173.068,29.381,31.0323,20.1501,,,,,6.613,UC Davis
L219R,yes,3.015,2.78898,0.256079,278.925,6.15343,100.009,9.44402,36.6381,0.250814,,,,TMCC
L219V,yes,1.379,3.46453,0.194004,225.364,3.14454,65.049,3.75394,37.1785,0.131765,,,,TMCC
N220A,yes,not reported,10.27,0.68,331.218,6.49447,32.2559,2.16482,38.85,0.19,43.57,,,UC Davis
N220A,yes,7.953,10.7289,1.23226,83.8041,3.04366,7.81103,0.940912,38.672,0.186958,,,1.683,FIU
N220A,yes,0.66,29.1587,17.6755,71.2567,16.5499,2.44375,1.58637,,,,,1.723,UC Davis
N220A,yes,0.588,11.2369,0.619225,133.012,2.34474,11.8371,0.684865,,,43.64,0.25,1.721,Yale
N220C,yes,0.7828,5.86648,0.547019,140.152,3.86795,23.8904,2.32317,36.7101,0.36053,,,,FIU
N220C,yes,1.045,4.81604,0.517911,151.903,4.33019,31.541,3.50902,36.486,0.0893219,,,,FIU
N220C,yes,1.39,1.76166,0.460933,380.317,21.8725,215.886,57.8344,,,,,,UC Davis
N220D,yes,1.164,1.48145,0.301677,100.273,4.4508,67.6855,14.1069,34.9592,0.221738,,,,Gettysburg
N220D,yes,1.535,4.93367,0.37163,8.96343,0.17982,1.81679,0.14162,35.6467,0.110461,,,,FIU
N220E,yes,4.371,30.2819,3.18254,32.8108,1.46755,1.08351,0.123758,35.8108,0.311651,,,5.607,FIU
N220E,yes,0.34,73.6954,13.0717,371.495,37.6661,5.04096,1.02991,36.709,0.100655,,,5.606,Yale
N220F,yes,0.713,4.54711,0.612404,607.905,21.4635,133.69,18.6138,39.187,0.433775,,,,Gettysburg
N220F,yes,1.176,1.65722,0.157717,94.5915,2.1053,57.0786,5.57872,36.1417,0.595458,,,,FIU
N220F,yes,2.531,1.49185,0.0700499,134.599,1.37372,90.223,4.33535,37.6499,0.123072,,,,FIU
N220F,yes,1.191,1.14375,0.0918695,81.5249,1.62632,71.2785,5.89923,,,,,,FIU
N220F,yes,2.62,0.516313,0.0392842,279.117,4.02076,540.596,41.8625,37.7869,34740.5,,,,UC Davis
N220F,yes,2.12,0.518205,0.0378682,329.867,4.56604,636.558,47.3442,,,,,,UC Davis
N220F,yes,3.17,0.87089,0.0455434,1532.27,16.2443,1759.43,93.8811,,,,,,UC Davis
N220F,yes,2.12,0.518205,0.0378682,329.867,4.56604,636.558,47.3442,,,,,,UC Davis
N220F,yes,1.8,1.21985,0.138991,678.705,15.6122,556.384,64.6742,38.6559,0.32954,,,-1.979,UC Davis
N220F,no,,,,,,,,,,,,-1.979,UC Davis
N220F,yes,1.91,0.187773,0.0218619,224.238,4.5865,1194.2,141.167,38.0798,0.205529,,,,SMCC
N220F,yes,1.004,0.249002,0.0178396,84.5979,1.08364,339.748,24.727,,,,,,FIU
N220G,yes,not reported,33.3,2.36,171.021,4.32965,5.19557,0.432964,41.89,0.22,47.38,,,UC Davis
N220G,yes,10.31,30.2819,3.18255,13.9104,0.622182,0.459362,0.0524681,35.8258,0.334869,,,5.225,FIU
N220H,yes,not reported,5.14,0.21,101.747,,19.6999,0.865929,39.6,0.4,46.78,,,UC Davis
N220H,yes,7.457,4.47618,0.240418,15.7694,0.221378,3.52295,0.195577,38.5654,0.185463,,,-0.048,FIU
N220I,yes,not reported,,,,,,,36.6976,0.128656,,,,FIU
N220K,yes,3.556,2.2087,0.412406,351.599,14.9797,159.188,30.4873,,,,,,UC Davis
N220K,yes,2.665,,,,,,,39.9636,0.414049,,,,FIU
N220L,yes,0.874,8.12503,1.49114,641.088,34.824,78.9029,15.1016,39.1808,0.23209,,,,Gettysburg
N220L,yes,4.523,19.5303,4.90065,8.22582,1.11092,0.421183,0.120021,34.1521,1.70334,,,,FIU
N220L,yes,4.511,3.87435,0.269793,456.549,8.08896,117.839,8.46723,38.23,0.0887631,,,,FIU
N220M,yes,7.505,1.42271,0.0866943,100.654,1.32924,70.7479,4.41118,37.2219,0.119099,,,1.044,FIU
N220M,yes,0.533,1.62036,0.148404,352.511,7.12887,217.551,20.4047,35.3309,0.311312,,,1.037,MiraCosta
N220P,yes,3.792,9.45206,0.455722,77.071,1.13936,8.15388,0.411196,35.6194,0.153354,,,53.272,FIU
N220Q,yes,0.291,4.45649,1.16369,123.551,9.02527,27.7237,7.5172,,,,,2.572,LUC
N220Q,yes,6.385,6.10832,0.71375,42.6776,1.38684,6.9868,0.847382,36.446,0.193281,,,,FIU
N220R,yes,not reported,12.5,1.39,12.9889,,1.08241,0.216482,39.5,0.32,46.93,,,UC Davis
N220R,yes,7.231,11.2634,1.96381,2.85975,0.15958,0.253897,0.0464795,41.6493,0.614459,,,-14.181,FIU
N220R,yes,0.59,6.32675,0.414726,419.39,7.7021,66.2884,4.51259,39.7687,0.263543,,,-4.692,Yale
N220S,yes,0.533,,,,,6.00156,0.187963,39.7345,0.218862,,,,Gettysburg
N220S,yes,1.238,28.8719,2.6488,7.27756,0.279821,0.252064,0.025074,40.9906,0.212087,,,,FIU
N220S,yes,1.762,36.7634,1.55154,130.537,2.4974,3.55074,0.164531,,,47.2,0.0519615,,UC Davis
N220T,yes,4.29,11.9014,1.23272,0.422348,0.0141981,0.0354871,0.0038644,40.0485,0.150739,,,,FIU
N220T,yes,not reported,,,,,,,39.2905,0.26297,,,,FIU
N220V,yes,1.304,2.97575,0.419187,112.136,3.83696,37.6833,5.46272,36.5851,0.288846,,,54,FIU
N220V,yes,1.304,2.97575,0.419187,112.136,3.83696,37.6833,5.46272,36.5853,0.334298,,,54,FIU
N220W,yes,0.581,0.515912,0.0884966,53.0062,1.98349,102.743,18.0383,,,,,,UC Davis
N220W,yes,0.797,1.1738,0.302925,277.657,15.8187,236.546,62.516,,,,,,UC Davis
N220Y,yes,not reported,0.4,0.02,515.228,4.32965,1288.07,65.3776,41.74,0.17,49.19,,,UC Davis
N220Y,yes,3.234,5.90282,0.195105,447.936,4.08824,75.8851,2.60209,,,,,,JCCC
N220Y,yes,12.57,0.320502,0.0400999,85.9387,1.90541,268.137,34.0709,39.9224,0.106755,,,-2.309,FIU
M221A,yes,not reported,6.25,0.6,448.118,12.9889,71.6556,7.14391,40.42,0.35,47.19,,,UC Davis
M221K,yes,0.238,7.54106,0.58016,101.697,2.27714,13.4858,1.08056,,,46.533,0.07767,5.526,UC Davis
M221K,yes,0.17,11.4093,0.595843,126.792,2.12632,11.113,0.609556,,,46.3766,0.0416,5.526,UC Davis
M221N,yes,1.5,5.58972,0.326515,246.321,3.92886,44.0668,2.66833,36.6101,0.117711,,,,Taylor
M221Q,yes,2.841,8.03257,0.204133,1008.55,7.33319,125.558,3.31884,,,,,,UC Davis
M221R,yes,0.238,14.9805,0.660015,25.0779,0.381127,1.67404,0.0780202,,,,,3.244,UC Davis
E222A,yes,not reported,0.63,0.15,73.604,4.32965,116.9,28.5757,36.86,0.12,36.68,,,UC Davis
E222H,yes,not reported,8.54,0.53,132.054,2.16482,15.3702,1.08241,34.91,0.15,40.24,,,UC Davis
E222K,yes,not reported,7.22,0.75,88.7577,2.16482,12.3395,1.29889,38.97,0.44,,,,UC Davis
E222Q,yes,not reported,12.16,0.65,547.7,8.65929,45.0283,2.59779,39.75,0.28,,,,UC Davis
E222R,yes,not reported,2.48,0.44,34.6372,2.16482,14.0713,2.59779,39.1,0.21,,,,UC Davis
E222Y,yes,not reported,18.43,3.14,10.8241,,0.649447,0.216482,37.13,0.51,,,,UC Davis
H223A,yes,2.52,4.75379,0.510253,269.209,7.64037,56.6305,6.28738,,,,,,UC Davis
H223A,yes,0.081,7.38971,2.1199,778.033,69.3343,105.286,31.6274,,,,,,LUC
H223A,yes,0.49,3.16332,0.476479,236.466,9.31532,74.7526,11.6384,37.2532,1.17753,41.5589,0.264342,-2.501,La Sierra
H223A,yes,4.088,8.02026,0.994318,168.117,6.27302,20.9616,2.71388,,,42.4966,0.203975,,UC Davis
H223S,yes,4.6,6.49353,0.916896,248.129,9.87018,38.2118,5.60557,,,40.0133,0.087369,1.173,UC Davis
P231K,yes,2.978,4.57026,0.423482,349.763,8.50456,76.5301,7.33139,,,44.7667,0.155349,0.178,UC Davis
D233I,yes,0.579,3.94315,0.382013,33.7216,1.14736,8.55195,0.878126,,,,,16.228,UC Davis
A236C,yes,2.4,3.88727,0.443505,202.474,5.88114,52.0864,6.13219,,,39.38,0.86267,40.302,UC Davis
A236D,no,,,,,,,,,,,,42.978,Smith
A236D,no,,,,,,,,,,,,42.978,Smith
A236D,no,,,,,,,,,,,,42.978,Smith
A236E,no,,,,,,,,,,,,,UC Davis
A236E,yes,not reported,,,,,,,,,51.76,0.3751,160.344,UC Davis
A236S,yes,0.13,,,,,0.00732085,0.000780357,,,45.395,0.813173,6.653,UC Davis
A236V,yes,1.546,0.524583,0.357584,1.89877,0.24314,3.61959,2.51047,36.165,1.28291,,,,UC Davis
A236V,yes,0.504,0.384872,0.258907,0.536079,0.0663914,1.39288,0.952747,,,,,,UC Davis
R239C,yes,1.55,6.51623,0.407765,161.318,2.84595,24.7563,1.60956,,,,,6.686,UC Davis
R240A,yes,1.1,14.4971,1.66185,685.754,26.8754,47.3029,5.73063,38.1749,0.220994,,,2.307,UC Davis
R240A,yes,3.3,10.9272,1.3348,570.698,22.145,52.2273,6.69391,38.9002,0.149878,,,2.297,UC Davis
R240A,yes,3.3,10.1365,3.79887,1.30166,0.147031,8.28122,0.643586,,,,,2.307,UC Davis
R240A,yes,3.302,14.9728,1.1888,450.942,12.348,30.1174,2.52946,,,44.8,0.1838,2.596,UC Davis
R240D,yes,not reported,10.82,0.47,231.636,4.32965,21.4317,1.08241,37.18,0.04,45.7,,,UC Davis
R240E,no,,,,,,,,,,,,,UC Davis
R240G,yes,0.3,23.6553,2.6089,456.665,19.0825,19.305,2.27681,,,,,,UC Davis
R240G,no,0.207,,,,,,,,,,,,Saddleback
R240K,yes,not reported,17.67,3.32,736.04,47.6261,41.5646,8.22632,39.33,0.19,43.96,,,UC Davis
R240K,yes,2.202,8.16992,0.893392,716.514,23.2201,87.7015,10.0026,39.6152,0.225321,,,2.227,MiraCosta
D241H,yes,0.278,9.96723,0.781256,100.186,2.35672,10.0515,0.822579,,,,,,UC Davis
D241R,yes,0.1349,2.41599,0.456696,5.07446,0.225867,2.10036,0.407891,,,,,1.255,UC Davis
F243H,yes,0.716,37.3074,8.63109,868.532,91.5312,23.2804,5.91843,,,,,1.197,UC Davis
F243H,yes,1.5745,4.82087,0.46373,236.395,6.02893,49.0358,4.87983,39.4175,0.322726,,,1.559,Taylor
F243H,yes,0.8157,1.87753,0.502573,558.665,32.0747,297.552,81.4594,,,,,2.79,Smith
F243H,yes,1.239,0.612443,0.17283,234.304,12.8018,382.573,109.966,,,,,2.79,Smith
F243H,yes,1.102,3.42195,0.711753,598.368,30.9438,174.862,37.4779,,,,,2.79,Smith
F243H,yes,not reported,,,,,,,42.2283,0.107628,,,2.79,Smith
F243H,yes,not reported,,,,,,,42.395,0.205623,,,2.79,Smith
F243H,yes,not reported,,,,,,,42.009,0.306241,,,2.794,Smith
F243H,yes,4.974,8.59639,2.8079,351.783,38.2907,40.9222,14.0894,,,45.9667,0.0321455,2.445,UC Davis
F243H,yes,1.714,17.8142,1.53719,546.229,17.0662,30.6625,2.81397,,,45.8867,0.0057735,,UC Davis
F243H,yes,3.399,2.30734,0.608781,427.939,25.9656,185.469,50.2123,,,,,-0.303,UC Davis
I244A,yes,0.2,8.4971,1.58899,451.343,16.6171,53.1173,10.1238,40.4401,0.232358,,,5.293,UC Davis
I244E,yes,not reported,5.97,1.04,406.987,19.4834,68.1919,12.3395,37.84,0.09,45.77,,,UC Davis
I244K,yes,3.476,14.0746,0.872196,134.436,2.82542,9.55165,0.625025,,,,,4.344,UC Davis
I244M,yes,2.972,0.637627,0.350295,179.001,18.1195,280.73,156.822,,,,,,UC Davis
I244M,yes,2.972,4.80011,0.76359,293.088,12.351,61.0585,10.0481,,,,,6.85,UC Davis
I244N,yes,not reported,2.15,0.13,222.977,4.32965,103.695,6.49447,36.84,0.57,45.05,,,UC Davis
I244Q,yes,2.176,14.7288,0.938013,1166.55,24.6111,79.2023,5.31363,,,,,,UC Davis
I244T,yes,3.113,4.21681,0.169313,681.761,6.8972,161.677,6.69451,,,,,,UC Davis
I244V,yes,1.538,2.03655,0.164771,518.156,10.0335,254.429,21.1664,,,,,,KWC
R246K,yes,0.4653,0.446929,0.124109,598.957,30.8901,1340.16,378.518,,,,,-0.586,Smith
R246K,yes,0.2932,0.495171,0.1779,804.317,57.5432,1624.32,595.029,,,,,-0.586,Smith
R246K,yes,0.4752,0.525543,0.125639,557.356,25.286,1060.53,258.061,,,,,-0.586,Smith
R246K,yes,0.5644,2.45649,0.388434,333.004,11.3937,135.561,21.9317,,,,,-0.586,Smith
R246K,yes,0.4066,3.12538,0.51068,391.432,15.5119,125.243,21.0577,,,,,-0.586,Smith
R246K,yes,0.4184,1.55863,0.388521,309.529,17.0112,198.59,50.6915,,,,,-0.586,Smith
R246K,yes,not reported,,,,,,,36.7657,0.097187,,,-0.586,Smith
R246K,yes,not reported,,,,,,,36.7217,0.327955,,,-0.586,Smith
R246K,yes,not reported,,,,,,,37.2883,0.320594,,,-0.586,Smith
R246K,yes,not reported,,,,,,,36.5923,0.261653,,,-0.586,Smith
R246K,yes,not reported,,,,,,,37.0225,0.188602,,,-0.586,Smith
R246K,yes,not reported,,,,,,,36.5993,0.372312,,,-0.586,Smith
R246K,yes,2.75,6.42701,0.36746,280.468,4.50755,43.6389,2.59172,,,42.0167,0.428525,-0.377,UC Davis
W247V,yes,0.16,7.6207,2.81207,4.20621,0.410234,0.551945,0.210664,,,,,,UC Davis
F248N,yes,0.302,8.98977,2.33423,8.14976,0.635952,0.906559,0.245792,,,50.3167,0.6887,6.204,UC Davis
A249E,no,,,,,,,,,,,,,UC Davis
E250D,yes,0.77,1.20743,0.242773,729.539,30.8993,604.207,124.152,39.2593,0.659181,,,-7.56,UC Davis
E250D,yes,1.01,4.03511,0.482762,903.316,27.5631,223.864,27.6406,40.8293,0.138232,,,5.151,UC Davis
F253H,yes,0.284,64.8114,42.0527,297.942,110.902,4.59707,3.43876,,,,,3.606,UC Davis
F253I,yes,1.252,24.2243,2.82959,57.7679,2.677,2.38471,0.299673,,,44.22,0.155563,6.605,UC Davis
F253I,yes,4.058,5.6769,0.576226,442.839,12.2828,78.0072,8.20831,,,45.31,0.04,5.235,UC Davis
F253I,yes,2.358,6.79158,0.593541,446.717,11.1046,65.7752,5.97635,,,46.227,0.385141,,UC Davis
F253M,yes,1.004,,,,,,,,,,,6.829,UC Davis
F253M,yes,3.346,5.98524,0.392939,448.468,8.15332,74.929,5.10432,,,44.74,0.09,6.856,UC Davis
F253Y,yes,0.232408,6.13519,0.609283,271.236,7.4979,44.2098,4.55738,,,,,1.387,MiraCosta
F253Y,yes,1.149,7.594,0.510706,279.88,5.48675,36.8554,2.58173,,,40.8567,0.110151,,UC Davis
D260E,yes,0.879,10.5562,0.83815,1349.38,33.7433,127.828,10.6408,,,,,,KWC
M261D,no,,,,,,,,,,,,,UC Davis
W264H,yes,0.268,10.3668,1.48077,123.965,6.00795,11.9578,1.80367,,,45.2,0.04,0.038,UC Davis
W264Y,yes,0.162,4.65744,2.54334,24.3805,3.50639,5.23474,2.95607,,,,,,Augustana
Y265F,yes,0.302,11.1933,3.84328,5.50818,0.606739,0.492094,0.177444,34.5213,0.848348,30.745,18.718,-0.565,UC Davis
T267E,yes,2.767,4.583,0.470912,422.503,11.3982,92.189,9.79364,,,47.63,0.24,-1.304,UC Davis
Y268K,yes,1.19,3.03329,0.357446,1237.58,35.5395,407.997,49.4859,39.7005,0.104259,,,9.243,UC Davis
L269I,yes,0.21,3.77158,0.530644,176.872,6.1834,46.8959,6.79867,40.4186,0.604339,,,0.426,Campbell
L269V,yes,0.63,4.16734,0.726959,898.727,40.4288,215.66,38.8508,40.6004,1.36982,,,21.647,UC Davis
L269V,yes,0.43,,,,,,,39.4194,0.565782,,,21.647,UC Davis
N270G,yes,1.31,11.6994,2.64323,1717.53,135.915,146.805,35.1432,40.4,0.137245,,,3.159,UC Davis
N270G,yes,0.98,2.5954,0.238682,896.649,19.5788,345.476,32.6544,40.7712,0.197547,,,3.159,UC Davis
N270W,yes,0.5954,1.01567,0.226648,448.606,20.7128,441.686,100.651,,,,,8.565,Smith
N270W,yes,0.5653,2.32166,0.381416,344.372,13.1942,148.33,25.0225,,,,,8.565,Smith
N270W,yes,0.4437,4.19867,0.606334,271.248,10.1154,64.6032,9.63545,,,,,8.565,Smith
N270W,yes,not reported,,,,,,,38.6434,0.148161,,,8.565,Smith
N270W,yes,not reported,,,,,,,39.6918,0.329214,,,8.565,Smith
N270W,yes,not reported,,,,,,,40.7063,0.515851,,,8.565,Smith
N270W,yes,2.85,5.6529,0.553795,318.1,8.52882,56.272,5.7155,,,42.1933,0.132791,8.535,UC Davis
G271D,yes,0.25,2.47283,0.304307,938.815,28.8927,379.652,48.1588,35.4605,0.190135,,,4.701,UC Davis
G271D,yes,0.61,1.27333,0.185971,766.23,23.8785,601.752,89.8646,40.7155,0.327792,,,4.701,UC Davis
G271D,yes,0.53,0.480623,0.136059,70.8665,3.60305,147.447,42.4083,35.8964,0.173172,,,,UC Davis
L272F,yes,1.23,0.801359,0.776808,2.40947,0.54835,3.00673,2.99386,,,,,80.947,UC Davis
F274N,yes,0.7,1.96491,0.218993,156.521,3.9641,79.6579,9.10435,34.9084,0.105367,,,,MJC
Q276K,yes,0.736302,3.47821,0.46578,424.137,14.1739,121.941,16.8303,34.2116,0.859838,,,4.566,Taylor
G278V,yes,3.541,5.1582,1.5824,462.994,36.1537,89.7589,28.4137,,,,,,UC Davis
M280I,yes,0.54,5.70375,0.433011,451.66,9.14303,79.1865,6.22164,,,,,,UC Davis
D288E,yes,2.294,5.38141,0.475833,772.812,18.0172,143.608,13.132,,,,,,UC Davis
D288E,yes,2.416,3.14739,0.376764,267.701,7.61326,85.0548,10.465,,,43.9533,0.0981495,3.567,UC Davis
F289A,no,,,,,,,,,,,,6.953,MiraCosta
L290V,yes,0.386,3.65166,0.409655,1461.28,41.2654,400.169,46.2927,,,44.2884,0.204427,,UC Davis
N293A,yes,not reported,9.67,0.44,10.8241,,1.08241,,40.77,0.24,47.56,,,UC Davis
N293A,yes,0.791,13.7811,1.37442,7.8634,0.264475,0.570593,0.0600553,,,45.4189,0.0735885,-0.413,UC Davis
N293C,yes,not reported,19.8,2.08,8.65929,,0.432964,,38.88,0.37,47,,,UC Davis
N293D,no,,,,,,,,,,,,,UC Davis
N293E,yes,not reported,,,,,,,,,,,18.876,FIU
N293F,no,,,,,,,,,,,,86.256,FIU
N293G,yes,6.125,23.7125,2.88044,0.883443,0.0406823,0.0372565,0.00483996,,,,,,UC Davis
N293G,yes,1.637,24.3166,2.70791,1.26494,0.0538172,0.0520197,0.00620131,,,,,,UC Davis
N293H,yes,not reported,,,,,,,,,42.135,0.04805,161.987,UC Davis
N293I,yes,0.6397,1.43148,0.284663,1.318,0.0620727,0.920728,0.18816,39.6201,1.30714,,,77.035,FIU
N293K,no,,,,,,,,,,,,,UC Davis
N293L,no,,,,,,,,,,,,67.259,FIU
N293M,yes,not reported,,,,,,,,,,,41.878,JCCC
N293P,no,,,,,,,,,,,,,FIU
N293Q,yes,not reported,,,,,,,,,,,,UC Davis
N293R,yes,0.369,0.699598,0.148973,7.87237,0.308041,11.2527,2.43628,,,,,,UC Davis
N293S,yes,2.91,0.454705,0.177245,2.23329,0.194857,4.91152,1.9619,,,47.84,0.53,0.493,UC Davis
N293S,yes,6.177,3.76515,0.62473,3.36469,0.14131,0.893641,0.152953,41.3079,0.769167,,,0.699,FIU
N293T,no,2.111,13.6247,1.6502,29.2355,1.19059,2.14577,0.274191,38.3205,0.435026,38.3,0.4,11.782,FIU
N293V,yes,2.05,8.71858,1.08743,0.124437,0.00439594,0.0142727,0.0018502,37.8662,67349.9,,,,UC Davis
N293V,yes,1.24,4.87477,0.679218,0.057261,0.00201123,0.0117464,0.00168787,,,,,,UC Davis
N293V,yes,1.854,2.17688,0.847406,7.94459,0.672859,3.64954,1.45391,,,43.37,0.394,7.749,UC Davis
N293W,no,,,,,,,,,,,,106.497,FIU
N293W,no,,,,,,,,,,,,132.743,MiraCosta
N293Y,yes,0.606,48.8496,36.8288,0.645363,0.239065,0.0132112,0.0110976,,,49.0433,0.776552,,UC Davis
N293Y,no,,,,,,,,,,,,87.157,FIU
Y294A,yes,not reported,4.98,0.17,136.384,2.16482,27.4932,1.08241,40.37,0.2,43.27,,,UC Davis
Y294F,yes,not reported,5.99,0.32,601.821,8.65929,100.448,5.62854,40.76,0.12,44.03,,,UC Davis
Y294H,yes,not reported,,,,,,,,,,,3.22,UNLV
Y294L,no,,,,,,,,,,,,,UC Davis
Y295A,yes,not reported,,,,,,,,,,,,UC Davis
Y295G,yes,not reported,,,,,,,,,,,,UC Davis
Y295N,yes,1.589,18.9257,3.84549,140.324,10.503,7.41449,1.6055,,,,,,UC Davis
T296A,no,,,,,,,,,,,,,UC Davis
T296A,yes,2.989,47.0897,4.63075,0.610964,0.0284808,0.0129745,0.00141199,,,,,,UC Davis
T296C,yes,1.033,12.1167,1.94149,425.25,21.4623,35.0962,5.89591,,,,,,UC Davis
T296C,yes,0.173,9.18397,0.80051,71.2557,1.82873,7.7587,0.704983,,,,,,UC Davis
T296E,no,,,,,,,,,,,,,UC Davis
T296F,yes,5.247,0.84177,0.142352,226.69,7.73688,269.301,46.4599,,,,,0.101,MiraCosta
T296H,yes,0.462,8.23083,1.1017,101.493,3.90755,12.3308,1.7174,,,,,,UC Davis
T296R,yes,0.91,1.26875,0.150976,780.716,23.0723,615.342,75.4476,42.4157,0.147389,,,0.769,UC Davis
T296S,yes,2.462,3.90869,0.83497,297.062,18.1779,76.0002,16.888,,,43.85,0.2784,0.445,UC Davis
T296W,yes,2.62,0.660547,0.104984,2.96281,0.0974251,4.48538,0.727981,,,,,2.969,MiraCosta
T296Y,yes,4.352,5.94714,0.520938,497.163,12.0437,83.597,7.59754,,,45.41,0.04,-1.076,UC Davis
R297A,yes,0.62,2.36431,0.493452,52.1753,2.60732,22.0678,4.73593,41.7515,0.130931,,,5.894,UC Davis
S298E,yes,not reported,5.28,0.05,662.436,2.16482,125.56,1.29889,39.61,0.15,,,,UC Davis
S298R,yes,0.761,2.55953,1.13762,435.189,45.7567,170.027,77.6562,39.3929,0.189623,,,,Gettysburg
S298T,yes,0.847,3.33863,0.373474,766.116,21.2334,229.471,26.4458,39.4316,0.301329,,,,Gettysburg
I299R,yes,4.558,3.47817,0.553271,263.77,10.4706,75.8357,12.4331,,,,,,UC Davis
I299R,yes,4.558,3.47817,0.55327,263.77,10.4705,75.8357,12.4331,,,,,3.186,UC Davis
I300N,yes,not reported,4.48,0.32,569.348,10.8241,127.075,9.30874,38.56,0.54,,,,UC Davis
S302A,yes,2.095,4.80269,0.277595,306.608,4.84612,63.841,3.82548,,,44.7333,0.047258,-0.754,UC Davis
S302A,yes,2.163,4.84788,0.205689,352.537,3.97006,72.7198,3.19223,,,44.7233,0.045092,,UC Davis
S302D,yes,6.771,14.8915,1.41066,74.5817,2.43298,5.00834,0.50178,39.2,0.192013,,,5.901,FIU
S302F,yes,6.64,5.00809,0.277965,142.629,2.11458,28.4796,1.63613,39.4824,0.146147,,,6.165,FIU
S302F,yes,9.031,2.58022,0.309818,107.126,3.05127,41.5184,5.12363,39.1137,0.104805,,,6.165,FIU
S302H,yes,5.233,6.24498,0.324635,511.001,7.21136,81.8259,4.40754,,,,,,UC Davis
S302H,yes,1.197,3.37878,0.411419,625.692,18.4657,185.183,23.2017,,,,,,UC Davis
S302K,yes,6.905,5.72365,0.530211,197.795,5.02741,34.5575,3.31956,37.5717,0.467327,,,9.819,FIU
S302N,yes,3.271,5.43467,0.155794,718.664,5.44226,132.237,3.92083,,,,,,UC Davis
S302W,yes,6.307,4.48829,1.14942,248.425,16.8641,55.3497,14.6642,38.8557,0.25468,,,6.224,FIU
S302W,yes,4.935,6.33349,0.455414,137.792,2.77097,21.7561,1.62442,38.8429,0.310867,,,6.224,FIU
S302Y,yes,11.07,5.52606,0.483454,153.316,3.65401,27.7442,2.51569,39.8994,0.110595,,,5.757,FIU
T303K,yes,1.17,3.44667,0.372353,865.019,23.2831,250.973,27.9421,42.0273,0.115941,,,76.029,UC Davis
A306K,yes,1.554,4.7138,0.543785,698.628,21.2751,148.209,17.6831,40.7428,0.151877,,,-1.495,MiraCosta
A306N,yes,1.593,4.88921,0.183106,301.462,3.09569,61.6586,2.39442,,,44.5567,0.085049,-2.061,UC Davis
A306N,yes,1.769,5.04153,0.190021,380.29,3.83375,75.4313,2.94304,,,44.55,0.026458,,UC Davis
A306Q,yes,2.08,3.74701,0.630527,587.786,24.9962,156.868,27.2269,37.5705,0.515012,,,,UC Davis
A306Q,yes,2.08,3.74701,0.630527,587.786,24.9962,156.868,27.2269,38.9371,1.01086,,,,UC Davis
A306S,yes,0.625,11.2575,1.24021,405.895,14.3109,36.0555,4.17059,,,43.731,0.0659186,-1.688,UC Davis
A306S,yes,1.8905,7.70148,0.680671,514.4,13.2945,66.7923,6.15045,40.4481,0.130559,,,-1.321,MiraCosta
A306S,yes,1.852,7.04446,0.536815,381.034,8.32487,54.0898,4.28792,,,45.5833,0.416693,,UC Davis
A306S,yes,0.481,1.72354,0.284584,643.622,24.0688,373.43,63.2209,,,44.3425,0.0266708,-1.684,UC Davis
V311D,yes,3.048,6.83858,0.647847,294.984,7.96052,43.1353,4.24895,,,41.797,0.125,2.594,UC Davis
E312V,yes,1.0074,3.54585,0.147791,834.093,15.0439,235.231,10.683,,,,,3.65,Yale
E312V,yes,0.8714,2.72638,0.252652,886.572,19.641,325.183,30.9838,38.166,0.285542,,,4.706,Yale
E312V,yes,0.7188,3.83744,0.0938868,1154.66,9.09041,300.893,7.7334,39.1154,0.067979,,,2.623,Yale
Q313A,yes,1.254,4.4528,0.567058,603.324,19.6515,135.493,17.8103,39.641,0.0716791,,,,JCCC
Q313C,yes,1.601,4.71905,0.580214,164.284,5.33326,34.813,4.427,,,,,0.92,UC Davis
Q313C,yes,4.678,6.36979,0.292803,405.682,5.23203,63.6885,3.04064,,,,,0.926,UC Davis
Q313E,yes,4.2,6.76328,0.855775,413.831,14.8807,61.1879,8.04882,39.7309,0.102059,,,,Taylor
Q313L,yes,3.9,3.57593,0.23058,363.546,5.84657,101.665,6.75629,40.0616,0.135883,,,,Taylor
Q313N,yes,0.368,6.1397,0.886982,291.136,11.3792,47.4186,7.09669,,,,,,UC Davis
Q313P,yes,2.63,3.47938,0.550429,126.706,4.7189,36.4162,5.91844,,,,,4.28,UC Davis
Q313R,yes,not reported,3.58,0.51,565.019,19.4834,157.816,23.1636,42.11,0.32,,,,UC Davis
Q313V,yes,2.528,8.77166,0.684837,900.238,20.5042,102.63,8.34675,,,,,,UC Davis
V314A,yes,2.85,2.6351,0.293893,182.316,4.83345,69.1877,7.93153,37.9091,0.433188,,,2.839,FIU
V314D,yes,8.319,5.1357,0.614569,126.244,4.05546,24.5816,3.04573,38.0677,0.212783,,,6.655,FIU
V314E,yes,6.378,2.42156,0.336524,125.95,4.36124,52.0118,7.44906,37.9553,0.126661,,,2.841,FIU
V314F,yes,5.002,4.4728,0.32643,210.14,4.00789,46.9817,3.54393,37.7655,0.202408,,,8.16,FIU
V314H,yes,6.951,3.42993,0.328307,227.489,5.78294,66.3249,6.56857,38.1632,0.119788,,,5.607,FIU
V314K,yes,2.936,5.55352,0.832667,269.095,12.3487,48.4549,7.59775,36.0208,0.380666,,,2.366,FIU
V314L,yes,7.152,0.967278,0.136515,155.925,4.52363,161.2,23.2263,38.5374,0.221608,,,2.324,FIU
V314L,yes,8.888,2.67193,0.441322,146.537,5.77426,54.843,9.31263,39.1423,0.281011,,,2.246,FIU
V314M,yes,7.63,6.75752,0.433712,181.398,3.308,26.8439,1.7911,38.482,0.217825,,,4.267,FIU
V314Q,yes,6.592,3.16272,0.487491,165.615,6.26554,52.3649,8.31093,38.5065,0.245645,,,2.375,FIU
V314T,yes,2.239,3.43787,0.374733,164.701,4.47088,47.9078,5.38153,38.4553,0.291568,,,3.33,FIU
V314W,yes,6.071,4.75512,0.204809,168.146,1.91503,35.361,1.57539,37.092,0.160975,,,7.696,FIU
H315C,yes,not reported,,,,,,,40.1342,0.183268,,,,TMCC
H315C,yes,0.368,2.98407,0.685318,0.699003,0.040795,0.234245,0.0555064,37.6059,0.969029,,,,TMCC
H315D,yes,0.316,0.683281,0.236113,897.036,54.2542,1312.84,460.556,40.0923,0.061971,,,,Gettysburg
H315E,yes,not reported,,,,,,,,,,,,UC Davis
H315E,yes,1.784,2.83947,0.389358,183.719,6.80889,64.7019,9.19049,,,47.1567,0.0723418,-1.189,UC Davis
H315I,yes,3.823,6.73159,0.315531,588.124,7.59852,87.3678,4.24792,,,,,,UC Davis
H315K,yes,0.384,6.13785,0.562864,36.6082,0.908218,5.96434,0.566615,,,,,,UC Davis
H315N,no,,,,,,,,,,,,,UC Davis
H315N,yes,0.8958,1.56528,0.263162,531.611,18.8655,339.626,58.3574,40.4035,0.190411,,,-1.52,Smith
H315N,yes,1.424,1.59926,0.320249,378.73,15.8033,236.816,48.4405,,,,,-1.52,Smith
H315N,yes,1.053,1.97086,0.314782,539.857,20.5337,273.92,44.9736,,,,,-1.52,Smith
H315N,yes,1.021,0.788068,0.186473,336.995,15.9546,427.622,103.19,,,,,-1.52,Smith
H315N,yes,0.7745,1.3948,0.217883,560.915,18.9361,402.147,64.27,,,,,-1.52,Smith
H315N,yes,0.6614,1.17659,0.233193,562.435,23.5277,478.022,96.8283,,,,,-1.52,Smith
H315N,yes,0.6158,0.922177,0.214062,548.812,26.0219,595.127,140.998,,,,,-1.52,Smith
H315N,yes,not reported,,,,,,,40.4042,0.164966,,,-1.52,Smith
H315N,yes,not reported,,,,,,,40.6523,0.227058,,,-1.52,Smith
H315N,yes,not reported,,,,,,,40.5057,0.247504,,,-1.52,Smith
H315N,yes,not reported,,,,,,,41.218,0.291082,,,-1.52,Smith
H315N,yes,not reported,,,,,,,41.3211,0.211332,,,-1.52,Smith
H315N,yes,not reported,,,,,,,40.9963,0.56096,,,-1.518,Smith
H315P,yes,0.841878,5.39004,0.267813,647.578,9.79183,120.143,6.23984,38.8031,0.204742,,,-1.849,Taylor
H315P,yes,1.231,2.48171,0.466694,219.155,9.22591,88.3081,17.0177,,,43.0785,0.0266708,-1.348,UC Davis
H315Q,yes,0.41,1.11516,0.784611,6.56056,1.14117,5.88305,4.26385,40.4148,0.540843,,,-1.133,UC Davis
H315T,yes,4.762,4.669,0.111726,658.52,4.04508,141.041,3.48443,,,,,,UC Davis
H315Y,yes,0.899,7.02135,0.66141,347.34,9.3741,49.4691,4.84745,,,45.67,0.105357,,UC Davis
M316K,yes,0.353,3.77262,0.900649,439.232,25.9034,116.426,28.6303,,,,,,UC Davis
E318R,yes,3.493,8.52356,0.971584,5.25391,0.173597,0.616399,0.0731544,,,,,,UC Davis
T321S,yes,1.838,9.44066,2.86607,422.223,42.1269,44.7239,14.2921,,,43.26,0.3955,2.413,UC Davis
M323A,yes,not reported,9.34,0.8,342.042,8.65929,36.5855,3.24723,37.12,0.08,42.5,,,UC Davis
M323C,yes,0.32,16.5171,1.77588,105.544,4.02038,6.38998,0.72888,39.9363,0.263306,,,4.529,Campbell
M323D,yes,1.113,4.43766,0.893637,5.35898,0.277966,1.20761,0.251121,,,40.337,0.0983,5.383,UC Davis
M323I,yes,5.271,8.14876,0.351248,344.011,4.39189,42.2163,1.89785,,,44.92,0.13,6.406,UC Davis
M323I,yes,5.044,3.41546,0.313588,309.902,7.07781,90.7352,8.58465,36.1073,0.212172,,,,TMCC
M323K,no,,,,,,,,,,,,,UC Davis
M323S,yes,0.166,5.85095,0.427673,476.846,9.60687,81.4988,6.17926,38.6097,0.328135,,,5.262,Yale
M323S,yes,0.175,14.9706,1.83275,529.078,22.3288,35.3413,4.57646,38.5608,0.421126,,,5.235,Yale
W325A,yes,not reported,1.61,0.23,23.813,,14.7208,2.16482,40.13,0.45,41.8,,,UC Davis
W325A,yes,0.306,0.226808,0.159338,80.6225,9.49186,355.465,253.205,32.7196,2998.21,32,1.1,6.957,UC Davis
W325C,yes,not reported,4.18,0.53,8.65929,,2.16482,0.216482,39.3,0.15,41.14,,,UC Davis
W325D,yes,2.218,27.0869,3.65482,1039.48,55.3881,38.3757,5.56716,,,,,,UC Davis
W325E,yes,3.581,2.26311,0.284498,1.60075,0.0597021,0.707324,0.0927495,37.9644,0.256628,,,5.228,FIU
W325F,yes,1.871,12.6263,3.26623,116.028,9.66744,9.18938,2.49741,,,,,,UC Davis
W325G,no,,,,,,,,,,,,,UC Davis
W325G,yes,not reported,,,,,,,38.9586,0.611523,,,10.043,FIU
W325H,yes,not reported,3.08,0.43,28.1427,,9.09225,1.29889,37.66,0.29,40.74,,,UC Davis
W325I,yes,3.45,1.28703,0.157814,6.23447,0.170949,4.84408,0.608646,39.5598,0.470279,,,29.698,FIU
W325K,yes,0.48,2.13549,0.670982,1.04961,0.071339,0.491505,0.158005,,,,,,UC Davis
W325K,yes,0.9,9.24002,1.62499,15.1612,0.788464,1.64082,0.300915,,,,,,UC Davis
W325K,yes,0.48,2.13549,0.670982,1.04961,0.071339,0.491505,0.158005,,,,,,UC Davis
W325K,yes,0.3,0.826468,0.495473,0.859085,0.10191,1.03947,0.635249,,,,,3.614,UC Davis
W325K,yes,1.539,2.57195,0.234725,11.3192,0.302066,4.40103,0.418474,39.4477,0.430653,,,,University of Kansas
W325L,yes,not reported,5.74,0.35,88.7577,2.16482,15.3702,1.08241,40.41,0.53,,,,UC Davis
W325M,yes,1.67,4.88449,0.748798,43.283,1.67386,8.86132,1.40101,,,43.37,0.502,3.455,UC Davis
W325M,yes,4.398,6.76835,0.275964,60.6489,0.702847,8.96067,0.379822,,,42.26,0.07,3.455,UC Davis
W325M,yes,7.659,4.42786,0.364234,21.3105,0.457241,4.81283,0.409148,38.7777,0.14364,,,,FIU
W325M,yes,1.472,6.47519,4.56024,31.0961,5.8204,4.80234,3.49952,,,45.7967,0.193993,3.455,UC Davis
W325N,yes,3.861,1.92703,0.147385,4.36689,0.091751,2.26612,0.179741,40.4371,0.376382,,,6.151,FIU
W325P,no,,,,,,,,,,,,112.02,FIU
W325Q,yes,1.427,1.02152,0.231909,3.28674,0.201074,3.21751,0.756509,39.1107,0.253524,,,3.875,FIU
W325Q,yes,2.613,0.954479,0.186331,14.6956,0.588679,15.3965,3.06829,,,42.2267,0.0472582,3.904,UC Davis
W325Q,yes,0.2993,0.331201,0.0888527,67.252,3.21279,203.055,55.3314,,,,,3.903,Smith
W325Q,yes,0.2509,0.321157,0.105692,74.7556,4.36103,232.77,77.7983,,,,,3.903,Smith
W325Q,yes,0.3572,0.382468,0.113092,59.3646,3.19101,155.215,46.6478,,,,,3.903,Smith
W325Q,yes,0.3669,,,,,,,,,,,3.903,Smith
W325Q,yes,not reported,,,,,,,39.8925,0.165851,,,3.903,Smith
W325Q,yes,not reported,,,,,,,40.1095,0.188848,,,3.903,Smith
W325R,yes,not reported,,,,,,,40.01,0.15,42.68,,,UC Davis
W325R,yes,2.05,14.1798,3.12138,213.383,15.6773,15.0484,3.49222,,,,,,UC Davis
W325R,no,,,,,,,,,,,,3,FIU
W325S,yes,1.893,1.04811,0.205767,6.09133,0.248478,5.81174,1.16534,41.9968,1.54226,,,7.181,FIU
W325T,yes,3.961,2.02553,0.263796,6.98111,0.209285,3.44656,0.460602,38.2185,0.474993,,,8.95,FIU
W325V,yes,3.501,1.42253,0.157733,5.57491,0.144297,3.91902,0.446234,39.1336,0.688523,,,,FIU
W325V,yes,1.677,1.42763,0.154714,11.6639,0.274076,8.17014,0.905983,39.1337,0.688531,,,41.549,FIU
W325Y,yes,3.02,2.41218,0.20291,32.6172,0.606087,13.5219,1.16487,40.0478,0.206547,,,5.139,FIU
W325Y,yes,not reported,,,,,,,41.4641,0.278216,,,,TMCC
H328A,yes,0.769,8.24075,0.321456,423.249,4.90255,51.3605,2.08994,,,45.3833,0.064291,,UC Davis
H328K,yes,1.7,13.7734,4.10321,560.823,59.948,40.7179,12.8875,39.1615,0.324731,,,,UC Davis
H328K,yes,1.6,0.82398,0.256497,116.85,8.98755,141.811,45.4722,38.5249,0.355235,,,1.096,UC Davis
H328K,yes,2.2,3.94292,0.356028,242.372,5.58267,61.4703,5.72823,39.1817,0.326765,,,,Yale
H328P,yes,0.36,2.71118,0.670484,4.28636,0.23421,1.58099,0.400416,,,,,50.989,UC Davis
P329N,no,,,,,,,,,,,,,UC Davis
S331A,yes,not reported,4.34,0.11,668.93,4.32965,154.135,4.11316,39.29,0.33,40.95,,,UC Davis
S331G,yes,2.435,5.82342,0.156235,1425.94,14.4276,244.862,7.021,,,,,,UC Davis
S331T,yes,0.888,4.49729,1.3766,27.3735,1.94678,6.08667,1.91273,,,,,,UC Davis
Y333F,yes,2.65,2.01411,0.194845,185.661,4.09688,92.1799,9.14652,37.8371,59417.3,,,,UC Davis
Y333F,yes,1.546,1.74735,0.207403,685.25,18.1599,392.166,47.6945,37.8391,60350.4,,,,UC Davis
Y333F,yes,2.65,2.01411,0.194845,185.661,4.09688,92.1799,9.14652,,,,,,UC Davis
Y333F,yes,2.736,1.76775,0.47052,320.008,17.7191,181.026,49.2151,,,43.4267,0.275379,0.322,UC Davis
Y333F,yes,3.85,7.28626,0.585374,314.568,7.29957,43.1728,3.61026,,,43.2733,0.340637,0.332,UC Davis
K334D,yes,1.202,6.11329,0.895911,279.881,11.0878,45.7824,6.9503,,,,,,UC Davis
L336S,yes,0.282,8.02464,0.466782,189.185,3.14789,23.5755,1.42636,,,,,,UC Davis
E340A,yes,1,2.64175,0.238458,608.745,13.0847,230.433,21.3817,38.2469,0.210139,,,3.972,UC Davis
E340A,yes,2.7,0.529737,0.20357,208.403,16.4334,393.408,154.33,38.415,0.175894,,,-17.583,UC Davis
E340A,yes,3.416,2.96287,0.392044,268.361,9.26892,90.5749,12.3864,,,45.14,0.107,3.972,UC Davis
E340S,yes,0.812,3.53985,0.461343,308.725,10.0722,87.2142,11.7172,,,45.047,0.293943,4.417,UNF
K341A,yes,not reported,5.46,0.33,857.27,12.9889,156.95,9.7417,40.01,0.06,,,,UC Davis
K341A,yes,3.138,5.19578,0.404148,363.785,7.61376,70.0156,5.63979,,,45.11,0.5412,2.865,UC Davis
F343E,no,,,,,,,,,,,,-3.175,Yale
F343E,yes,0.102624,45.4129,19.9017,28.9888,6.15884,0.638339,0.310885,,,,,-3.11,Yale
F343S,no,,,,,,,,,,,,,UC Davis
L350I,yes,1.672,5.71094,0.475709,535.876,11.9056,93.8331,8.08933,,,,,,UC Davis
L350I,yes,3.41,3.71247,0.388808,27.3846,0.768949,7.37639,0.799817,,,47.67,0.08544,0.09,UC Davis
I351V,yes,3.953,4.78159,0.392989,436.066,9.24079,91.1967,7.7404,,,,,,UC Davis
T352A,yes,not reported,14.26,1.76,49.7909,2.16482,3.46372,0.432964,38.11,0.3,39.31,,,UC Davis
T352A,no,0.031,,,,,,,,,,,1.869,LUC
T352A,yes,0.9,8.73925,0.508392,116.351,2.02216,13.3136,0.808326,,,41.03,0.378021,,UC Davis
T352G,yes,0.432,6.83299,0.370134,21.0904,0.358596,3.08656,0.175238,,,,,4.404,UC Davis
T352P,yes,0.241,5.20873,0.355076,252.642,4.63631,48.5035,3.42416,,,,,,UC Davis
T352S,yes,0.23,5.1139,1.37888,234.388,18.1971,45.8335,12.8604,37.481,0.296669,,,,Gettysburg
T352S,no,,,,,,,,,,,,,Gettysburg
T352V,yes,0.045,2.67927,0.446707,79.0941,3.11967,29.5208,5.05776,,,,,,LUC
T352V,yes,0.045,2.67927,0.446707,79.0941,3.11967,29.5208,5.05776,,,,,,LUC
T352V,yes,0.0695,,,,,,,,,,,,LUC
T352W,no,,,,,,,,,,,,71.49,MiraCosta
E353A,yes,not reported,,,,,,,,,,,,UC Davis
E353D,yes,0.45,2.34782,0.98572,1.60024,0.156964,0.681584,0.293865,,,,,,UC Davis
N354A,yes,not reported,5.38,0.67,2.16482,,0.432964,,40.75,0.36,46.69,,,UC Davis
N354S,yes,0.25,2.12436,0.390952,67.3524,2.81447,31.7048,5.98324,,,,,1.827,UC Davis
N354S,yes,1.009,4.54683,0.492615,41.8879,1.18915,9.21256,1.03181,,,40.9367,0.283078,,UC Davis
G355A,no,,,,,,,,,,,,,UC Davis
G355N,yes,0.315,8.65074,2.96115,0.367453,0.0308844,0.0424765,0.0149716,,,,,-3.568,MiraCosta
A356T,yes,1.902,2.89328,0.177398,285.355,4.22975,98.6267,6.22139,,,45.0567,0.120554,,UC Davis
M358T,yes,not reported,4.83,0.48,357.196,8.65929,74.0369,7.57688,39.54,0.18,,,,UC Davis
L362M,yes,not reported,5.2,0.19,751.193,6.49447,144.394,5.41206,40.02,0.16,,,,UC Davis
V363N,yes,2.068,4.63534,0.315067,478.165,8.33178,103.156,7.23833,,,,,,UC Davis
V363Q,yes,2.466,5.90896,0.258569,57.2249,0.691599,9.68443,0.439644,,,42.5487,0.530699,1.25,UC Davis
V363Q,yes,1.135,5.43572,0.522188,348.108,9.0798,64.0407,6.37487,,,41.4267,0.0814453,1.876,UC Davis
G365N,yes,3.392,4.76911,0.118839,961.646,8.52455,201.641,5.33306,,,,,,UC Davis
R372F,yes,0.412,4.83995,1.69599,1.03486,0.070838,0.213817,0.0763405,,,,,5.817,MiraCosta
R372H,yes,3.568,3.72924,0.329688,625.204,13.966,167.649,15.2871,,,,,2.863,MiraCosta
R372W,yes,0.514,0.55564,0.215109,0.310075,0.0238946,0.558051,0.220281,,,,,9.036,MiraCosta
R372Y,yes,0.417,2.88464,0.470241,1.66054,0.0611404,0.575651,0.0962039,,,,,6.756,MiraCosta
H373R,yes,not reported,6.31,0.3,580.172,6.49447,92.0049,4.54613,39.24,0.29,51.36,,,UC Davis
Y375H,yes,0.493,5.44888,0.363551,418.666,7.38279,76.8353,5.3025,,,,,,UC Davis
Y375T,yes,0.431,,,,,0.0852399,0.00370557,,,,,8.235,Yale
E377Q,yes,0.306,4.85589,0.690138,1537.37,58.0121,316.598,46.5552,39.6417,0.205056,,,,Gettysburg
E377S,yes,1.113,4.63754,0.685706,590.566,22.3874,127.345,19.4381,,,,,,UC Davis
H379R,yes,not reported,,,,,,,,,,,,UC Davis
H379T,no,,,,,,,,,,,,,UC Davis
H379Y,yes,1.046,5.01522,0.485097,35.2536,0.865296,7.02932,0.701459,,,,,-1.059,UC Davis
H379Y,yes,0.5675,0.221777,0.0821929,343.679,22.6992,1549.66,583.37,39.313,0.276992,,,-0.904,Smith
H379Y,yes,0.7524,2.43338,0.955858,274.026,18.5674,112.611,44.888,,,,,-0.904,Smith
H379Y,yes,0.8904,6.09671,1.7992,313.394,23.3141,51.4039,15.6444,,,,,-0.904,Smith
H379Y,yes,0.4208,0.302011,0.137919,371.411,27.2762,1229.79,568.823,,,,,-0.904,Smith
H379Y,yes,0.4505,0.753735,0.457908,72.1241,5.63867,95.6889,58.6122,,,,,-0.904,Smith
H379Y,yes,0.4768,5.2761,1.80072,98.5502,8.21738,18.6786,6.56247,,,,,-0.904,Smith
H379Y,yes,0.2623,0.0498474,0.0994687,97.8484,24.6343,1962.96,3948.07,,,,,-0.904,Smith
H379Y,yes,not reported,,,,,,,,,,,-0.904,Smith
H379Y,yes,not reported,,,,,,,,,,,-0.904,Smith
H379Y,yes,not reported,,,,,,,,,,,-0.904,Smith
H379Y,yes,not reported,,,,,,,,,,,-0.904,Smith
H379Y,yes,not reported,,,,,,,,,,,-0.904,Smith
H384A,yes,1.087,6.21894,0.422817,644.856,11.8923,103.692,7.30464,,,,,,UC Davis
H384I,yes,2.95,2.22527,0.261162,176.08,5.07423,79.1276,9.56243,,,40.1033,0.0832666,12.905,UC Davis
H384I,yes,3.888,3.23873,0.344163,190.32,5.31286,58.7638,6.4564,,,40.2,0.223383,12.905,UC Davis
H384R,yes,0.432,5.99534,0.38929,31.3898,0.54884,5.2357,0.352075,,,,,,UC Davis
I387K,yes,0.165,9.28808,1.08454,94.5233,3.37013,10.1768,1.24248,,,43.5911,0.443829,4.685,UC Davis
E388F,yes,3.618,4.79372,0.370975,317.713,6.51165,66.2769,5.30585,,,,,,UC Davis
E388G,yes,5.114,1.62371,0.206546,177.929,4.99921,109.582,14.2755,,,44.6,0.064,-4.416,UC Davis
E388H,yes,0.756,,,,,187.412,4.88082,39.7253,0.148697,,,-3.273,Yale
E388H,yes,0.8204,3.09438,0.803389,382.248,24.2672,123.53,33.0167,40.952,0.235751,,,-3.273,Yale
E388H,yes,0.7401,4.78805,0.261386,108.686,1.82976,22.6995,1.29678,39.7456,0.178942,,,-3.273,Yale
E388L,yes,3.132,6.62043,1.23264,71.5515,3.76164,10.8077,2.09094,,,,,,UC Davis
E388L,yes,3.79,3.95184,0.297914,201.514,3.87922,50.9924,3.96748,40.1639,0.160669,,,,Crown
E388L,yes,2.188,0.334589,0.110573,66.6653,4.52801,199.245,67.2215,,,44.863,0.38553,-0.37,UC Davis
E388R,yes,4.142,3.67126,0.799891,304.577,16.4323,82.9626,18.6218,,,,,,UC Davis
E389R,yes,not reported,,,,,,,,,45.22,0.13748,-0.657,UC Davis
Q392N,yes,0.471,4.84411,1.0958,331.381,21.0534,68.409,16.0737,,,,,,UC Davis
Y396C,no,,,,,,,,,,,,0.932,FIU
Y396D,no,,,,,,,,,,,,9.37,FIU
Y396E,no,,,,,,,,,,,,11.341,FIU
Y396F,yes,1.144,6.39824,1.02564,154.999,6.97761,24.2252,4.03354,38.0035,0.214414,,,1.791,FIU
Y396G,no,,,,,,,,,,,,14.616,FIU
Y396P,no,,,,,,,,,,,,283.787,FIU
Y396P,no,,,,,,,,,,,,283.787,FIU
Y396Q,no,,,,,,,,,,,,8.969,Yale
Y396R,no,,,,,,,,,,,,9.282,UC Davis
Y396S,no,,,,,,,,,,,,8.195,FIU
Y396V,no,,,,,,,,,,,,21.511,FIU
Y396W,yes,1.281,1.9628,0.536904,14.1273,1.11409,7.19752,2.04899,38.3599,0.472927,,,3.928,FIU
F397A,yes,0.6808,2.77857,0.606491,25.0936,1.39863,9.0311,2.03451,39.1513,4.38128,39.1,2.9,6.697,FIU
F397D,no,,,,,,,,,,,,7.865,FIU
F397E,no,,,,,,,,,,,,-0.035,FIU
F397G,no,,,,,,,,,,,,12.026,FIU
F397H,no,,,,,,,,,,,,3.787,Taylor
F397I,yes,2.196,2.02415,0.279786,79.432,2.47211,39.2421,5.55998,37.5374,0.111773,37.2,0.8,26.92,FIU
F397K,no,,,,,,,,,,,,-0.035,FIU
F397N,yes,0.7082,8.6809,0.946896,86.2889,3.05833,9.94009,1.14005,38.4853,0.750935,38.5,0.8,6.029,FIU
F397R,no,,,,,,,,,,,,8.642,FIU
F397S,yes,1.104,4.80525,0.23293,87.9604,1.07171,18.3051,0.914921,35.7192,0.706707,35.7,0.7,7.613,FIU
F397V,no,0.5041,3.00741,0.439439,7.14997,0.239482,2.37745,0.356401,36.733,0.288614,,,27.688,FIU
F397W,yes,1.372,9.02481,0.792279,105.028,3.33092,11.6377,1.08629,38.1993,0.353248,38.2,0.4,0.514,FIU
F397Y,no,,,,,,,,,,,,1.574,FIU
V398N,yes,0.406832,4.11276,0.25189,400.459,6.30931,97.3697,6.15766,34.3223,0.212378,,,4.58,Taylor
W399A,yes,not reported,,,,,,,,,,,,UC Davis
W399C,yes,not reported,70.33,5.89,2.16482,,,,41.7,0.08,44.81,,,UC Davis
W399G,yes,not reported,,,,,,,,,,,,UC Davis
W399Q,yes,3.85,21.844,3.19931,0.559141,0.0314804,0.0255969,0.00401641,,,44.8433,0.126623,6.356,UC Davis
W399R,yes,not reported,12.75,0.87,,,,,37.93,0.79,49.13,,,UC Davis
W399S,yes,not reported,,,,,,,,,,,,UC Davis
S400A,yes,not reported,3.22,0.22,435.129,6.49447,135.085,9.52522,39.91,0.31,47.31,,,UC Davis
S400G,yes,2.185,30.8808,2.16668,287.831,8.31208,9.32073,0.707195,,,,,,UC Davis
S400W,no,,,,,,,,,,,,124.796,MiraCosta
F401K,yes,0.626,,,,,,,,,44.9,0.82,18.383,UC Davis
L402C,yes,5.888,3.11844,0.20796,744.297,24.0055,238.676,17.6804,,,,,,UC Davis
L402E,yes,0.271,2.57618,0.140578,43.6827,0.552681,16.9563,0.949825,,,,,,UC Davis
D403A,no,,,,,,,,,,,,,UC Davis
N404A,yes,not reported,9.42,0.42,4.32965,,0.432964,,41.9,0.12,54.35,,,UC Davis
N404A,yes,3.829,6.08825,1.77083,1.24739,0.10083,0.204885,0.0618514,,,,,,UC Davis
N404C,yes,not reported,14.4,1.9,69.2743,2.16482,4.76261,0.649447,42.65,0.24,45.99,,,UC Davis
N404C,yes,1.5495,23.1347,4.27851,86.649,6.00225,3.74541,0.739666,43.6908,0.240002,,,-1.874,MiraCosta
N404D,yes,1.189,49.8024,3.48285,18.7476,0.657724,0.376439,0.0294526,,,,,,UC Davis
N404D,yes,1.69,4.42836,0.651025,550.819,21.1221,124.385,18.8979,,,42.36,1.819,5.662,UC Davis
N404E,yes,1.76,8.76267,1.25374,0.830506,0.0355238,0.0947778,0.0141536,,,45.16,1.02211,,UC Davis
N404E,yes,1.962,2.56721,1.08894,0.260151,0.0233832,0.101336,0.0439383,40.9995,4.16797,,,4.714,UC Davis
N404E,yes,0.22,7.15805,1.10919,3.80943,0.162158,0.532189,0.0855216,,,,,,UC Davis
N404E,yes,4.32,3.52243,0.397583,250.832,7.08107,71.2097,8.28514,,,46.1,0.217,3.857,UC Davis
N404E,yes,0.466,3.19097,0.490326,11.5658,0.436872,3.62454,0.573527,40.0354,0.355996,44.67,0.06,3.9,VSU
N404L,yes,1.993,31.2448,2.14322,15.7021,0.463027,0.502551,0.0375226,,,42.88,0.001,-1.473,UC Davis
N404L,yes,2.778,27.8881,2.62546,21.1796,0.82658,0.759448,0.0773963,,,45.97,0.185,-1.689,UC Davis
N404L,yes,0.938,33.0958,1.23054,31.543,0.513669,0.95308,0.0386865,,,44.9273,0.128976,-1.537,UNF
N404M,yes,2.385,10.3863,2.29654,53.0579,3.68018,5.10844,1.18381,,,,,-3.41,UC Davis
N404M,yes,1.866,57.0758,3.59528,7.25425,0.239986,0.127098,0.00904306,,,,,-3.406,UC Davis
N404M,yes,0.576,14.111,1.07416,7.23809,0.186922,0.51294,0.041232,,,47.82,0.307,-3.039,UC Davis
N404M,yes,2.021,15.2354,2.73705,7.42763,0.462224,0.487524,0.0926898,,,48.88,0.1401,-2.964,UC Davis
N404M,yes,4,10.6565,0.992216,15.4818,0.454721,1.4528,0.14184,40.5514,0.303257,,,-3.373,UC Davis
N404M,yes,2.5,14.3609,0.961616,7.36708,0.168221,0.512994,0.0362927,,,44.8567,0.085049,,UC Davis
N404M,yes,1.996,13.7196,2.68454,10.9114,0.703144,0.795316,0.163843,,,45.76,0.0264575,-2.958,UC Davis
N404M,yes,1.231,,,,,,,,,45.55,0.105357,,UC Davis
N404Q,yes,2.434,1.42828,0.581368,0.121304,0.0112808,0.0849297,0.0354605,,,48.13,0.081854,,UC Davis
N404Q,yes,3.712,5.31401,1.18628,0.131838,0.00795178,0.0248095,0.00573695,,,45.96,0.481,0.388,UC Davis
N404Q,yes,0.569,0.702357,0.456398,0.219573,0.0281222,0.312623,0.207054,,,50.8,0.09292,0.603,UC Davis
N404S,yes,4.957,23.5474,5.86142,23.4216,2.20588,0.99466,0.26472,,,,,,UC Davis
N404S,yes,0.764,30.0389,1.49809,46.997,0.994812,1.56454,0.0847638,44.4637,0.140644,,,,Yale
E406A,yes,not reported,,,,,,,40.08,0.71,49.05,,,UC Davis
E406D,yes,not reported,34.13,2.57,32.4723,,0.865929,,40.67,0.26,42.17,,,UC Davis
E406D,yes,0.486,24.1803,5.30062,24.3516,2.1166,1.00708,0.237485,40.2042,0.169879,,,-4.441,MiraCosta
E406F,yes,0.64,,,,,,,,,,,,UC Davis
E406H,yes,2.364,0.0232686,0.0365318,0.0418047,0.00428209,1.79661,2.82669,,,,,4.5,UC Davis
E406K,yes,not reported,,,,,,,,,44.1433,0.334863,25.171,UC Davis
E406Q,yes,1.502,69.0254,5.81436,8.7574,0.412757,0.126872,0.0122463,,,44.4,0.63,4.305,UC Davis
E406Q,yes,4.458,38.2608,1.64635,5.89472,0.116503,0.154067,0.0072953,,,44.13,0.16,4.305,UC Davis
E406Q,yes,4.699,67.2435,6.49612,96.0037,5.1447,1.4277,0.157724,,,53.1667,2.8868,,UNF
E406Q,yes,4.473,,,,,0.0708533,0.0022373,,,51.5,,,UNF
E406Q,yes,3.9,,,,,0.0509801,0.00236422,,,42.7733,0.159478,,UC Davis
E406T,yes,3.398,2.57301,1.37773,15.5785,1.92786,6.05458,3.32741,,,,,,UC Davis
W407A,yes,not reported,,,,,,,,,,,,UC Davis
W407A,yes,0.91,27.0912,4.31816,0.586515,0.0380125,0.0216497,0.00372517,,,42.4267,0.150111,,UC Davis
W407D,yes,0.143,0.367815,0.904889,2.96074,1.44746,8.04952,20.1904,,,,,2.542,UC Davis
W407D,yes,0.81,7.08556,4.71517,0.158136,0.0295997,0.022318,0.0154281,,,42.3667,0.16773,,UC Davis
W407D,yes,0.758,,,,,0.000889394,0.000429397,,,44.3167,0.86512,-3.248,UC Davis
W407E,no,,,,,,,,,,,,10.574,Yale
W407F,yes,2.544,32.0191,3.81526,4.0523,0.209225,0.126559,0.0164351,39.2282,0.566727,,,,FIU
W407F,yes,0.984,38.8082,4.01998,6.11895,0.292521,0.157671,0.017988,,,44.85,0.02,6.133,UC Davis
W407F,yes,1.88,30.451,1.9293,7.90048,0.21341,0.259449,0.0178697,,,42.8433,0.123423,4.075,UC Davis
W407G,no,,,,,,,,,,,,,UC Davis
W407H,yes,1.446,0.0324061,0.0184322,0.0634845,0.00341792,1.95903,1.11925,,,,,,UC Davis
W407H,yes,0.5,11.1195,4.30618,0.852463,0.1022,0.0766641,0.0310795,,,,,,UC Davis
W407K,no,,,,,,,,,,,,,UC Davis
W407K,yes,0.085,17.693,3.06437,3.62518,0.239914,0.204894,0.0379894,,,,,,UC Davis
W407K,no,,,,,,,,,,,,3.459,FIU
W407L,yes,not reported,,,,,,,,,,,29.485,FIU
W407N,yes,0.25,,,,,,,,,,,-0.499,Yale
W407N,yes,0.1512,,,,,,,,,,,-1.395,Yale
W407Q,no,,,,,,,,,,,,,UC Davis
W407R,no,,,,,,,,,,,,,UC Davis
W407R,no,,,,,,,,,,,,8.777,TMCC
W407S,no,,,,,,,,,,,,-1.827,MiraCosta
W407Y,no,,,,,,,,,,,,,UC Davis
A408F,yes,0.307,37.9739,8.36392,341.894,33.1691,9.00338,2.16688,,,,,,UC Davis
A408H,yes,0.358,,,,,,,,,,,5.951,UC Davis
A408H,yes,1.501,12.8546,1.0355,246.884,6.58509,19.2058,1.62973,,,43.6067,0.025166,-0.049,UC Davis
A408H,yes,1.607,13.7603,0.672244,270.889,4.46147,19.6863,1.01493,,,43.84,0.072111,,UC Davis
A408K,yes,2.591,6.3248,0.92015,319.757,12.659,50.5561,7.6225,,,,,,UC Davis
A408K,yes,2.88,4.01775,0.367921,312.102,7.32043,77.6807,7.34317,,,48.19,0.260811,,UC Davis
A408K,yes,0.39,5.6919,0.61015,802.882,23.5879,141.057,15.6784,,,44.5574,0.140876,,UC Davis
A408S,yes,0.232,9.31639,1.99661,158.529,10.3107,17.0161,3.811,38.3547,0.16655,,,1.935,Campbell
A408T,yes,0.14,12.9028,2.77012,153.898,10.7226,11.9275,2.69221,37.3315,0.490965,,,4.854,Campbell
W409A,yes,4.657,4.69013,0.720758,117.335,4.59753,25.0174,3.96756,39.8032,0.303269,,,3.623,FIU
W409A,yes,0.448,6.32682,1.14039,170.313,8.24267,26.9193,5.02396,40.0448,0.191303,,,4.164,MiraCosta
W409A,yes,0.67,10.4198,2.02023,264.459,16.0957,25.3804,5.15758,40.6584,0.274122,,,4.164,Yale
W409C,yes,6.001,2.44087,0.125776,156.246,1.89274,64.0125,3.38842,39.4259,2.22515,,,4.964,FIU
W409D,yes,3.603,2.2855,0.138532,532.884,7.3525,233.159,14.4941,,,,,,UC Davis
W409D,yes,0.2386,73.2727,12.7094,527.769,52.2373,7.20281,1.43845,40.0799,0.281729,,,6.81,Yale
W409D,yes,0.607,2.32746,0.205861,715.439,14.7636,307.391,27.9186,40.5636,0.215599,,,6.81,Yale
W409E,yes,0.782,2.12454,0.101441,686.618,9.19288,323.184,16.0264,,,,,,TMCC
W409E,yes,0.782,2.20834,0.0909123,910.645,10.5997,412.366,17.6417,,,,,,TMCC
W409E,yes,2.591,1.98736,0.24051,312.531,8.59006,157.259,19.5161,,,46.79,0.1144,4.878,UC Davis
W409E,yes,2.345,0.914908,0.089598,102.832,2.05486,112.396,11.2339,39.6249,0.388437,,,4.877,FIU
W409E,yes,2.1,2.99235,0.356776,299.586,8.68451,100.117,12.2847,,,42.5867,0.051316,,UC Davis
W409F,yes,0.783,3.65014,0.289603,615.167,12.2851,168.532,13.7885,39.8744,0.0857015,,,,Gettysburg
W409F,yes,0.454,3.25381,0.212379,594.977,9.57861,182.855,12.2928,39.3303,0.204823,,,1.197,MiraCosta
W409G,yes,0.436,3.85049,0.824495,14.1117,0.749116,3.66491,0.808515,,,,,,UC Davis
W409H,yes,2.872,2.34488,0.25931,106.778,2.75817,45.5366,5.17125,39.3234,0.240399,,,2.123,FIU
W409H,yes,0.5785,2.5969,0.318901,616.409,17.9747,237.363,29.9589,38.4616,0.368499,,,2.151,MiraCosta
W409H,yes,0.72,3.1597,0.191957,402.208,5.93879,127.293,7.95842,38.879,0.878644,,,2.123,MiraCosta
W409I,yes,1.127,4.64315,0.499672,6.13468,0.168742,1.32123,0.146756,40.2532,0.287148,,,10.658,FIU
W409I,yes,1.123,9.11486,1.79209,744.743,45.1277,81.7065,16.8101,40.3367,0.212113,,,5.715,MiraCosta
W409K,yes,0.478,1.62263,0.221133,180.577,5.43501,111.287,15.5317,38.4823,0.254387,,,3.487,MiraCosta
W409L,yes,6.098,2.05454,0.161489,87.4665,1.55198,42.5723,3.43043,39.4672,0.261041,,,9.534,FIU
W409M,yes,0.623,7.11272,2.14263,35.4388,2.61934,4.98245,1.54543,40.0251,0.0954822,,,-0.639,MiraCosta
W409N,yes,4.934,8.43362,1.13494,298.739,12.0013,35.4224,4.97476,,,38.9133,0.0907377,1.911,UC Davis
W409N,yes,8.273,3.37943,0.552408,69.2906,2.8122,20.5036,3.45332,39.1273,0.479788,,,1.97,FIU
W409P,no,,,,,,,,,,,,82.672,FIU
W409R,yes,3.386,2.72406,0.341363,90.3279,2.70911,33.1593,4.27269,,,41.96,0.26,2.59,UC Davis
W409R,yes,1.953,2.74204,0.297435,194.625,5.05817,70.978,7.91702,,,47.01,0.2817,4.761,UC Davis
W409R,yes,0.738,1.97502,0.107287,74.6641,0.922385,37.8041,2.10602,34.5739,0.635261,,,,TMCC
W409S,yes,6.174,4.51966,0.757883,143.697,6.30962,31.7937,5.51111,39.4276,0.365924,,,4.119,FIU
W409T,yes,1.779,2.07895,0.506535,344.07,19.4004,165.502,41.3901,37.0566,0.322259,,,3.084,FIU
W409T,yes,0.118,5.28911,1.08251,85.2049,4.70722,16.1095,3.41509,35.7589,1.74154,,,-716.914,MiraCosta
W409V,yes,4.173,9.61711,1.0847,139.471,4.84334,14.5023,1.71148,39.3426,0.86137,,,4.97,FIU
W409Y,yes,not reported,2.6,0.18,662.436,10.8241,254.8,18.1845,36.75,0.14,43.47,,,UC Davis
W409Y,yes,0.258663,2.98564,0.362614,725.168,26.654,242.885,30.8204,,,,,0.36,MiraCosta
W409Y,yes,1.445,3.33778,0.226804,513.555,8.59225,153.861,10.7672,40.0309,0.456414,,,0.391,Yale
Y411R,yes,0.1485,1.23698,0.362661,62.7516,3.90993,50.7298,15.2053,,,,,,Augustana
Y411R,yes,0.414,2.73739,0.807235,37.8121,2.64803,13.8132,4.18668,,,,,,Augustana
K413A,yes,3.15,7.3198,0.595716,381.938,8.98727,52.1788,4.42047,,,48.77,0.11,,UC Davis
K413Q,yes,3.015,5.40546,0.62376,386.627,12.0999,71.5253,8.55179,,,45.83,1.693,5.01,UC Davis
K413R,yes,0.408,0.848272,0.294219,470.825,32.0017,555.04,196.175,40.1296,0.0536687,,,,Gettysburg
R414K,yes,0.55,26.8774,10.8683,399.904,66.2615,14.8788,6.50198,40.6184,0.590773,,,1.575,UC Davis
F415A,yes,not reported,16.63,4,,,,,40.54,0.27,44.68,,,UC Davis
F415H,yes,0.47,0.779938,0.335413,9.20808,0.992264,11.8062,5.23423,,,,,2.302,UC Davis
F415N,yes,not reported,,,,,,,,,,,,UC Davis
F415Y,yes,2.244,10.006,1.13154,288.342,9.80444,28.8169,3.40293,,,,,,UC Davis
F415Y,yes,1.98,8.0469,0.815388,116.337,3.48149,14.4573,1.52751,,,41.64,0.246577,,UC Davis
I417H,yes,1.246,2.80909,0.868527,4.22865,0.329047,1.50534,0.479942,,,44.5,0.8,8.588,UC Davis
H419Y,yes,3.23,5.90481,0.186893,1097.57,13.1559,185.877,6.29093,,,,,,UC Davis
H419Y,yes,3.317,3.86,0.586534,387.719,14.8977,100.445,15.7433,,,49.135,1.11,-2.083,UC Davis
N421D,yes,0.57,4.12304,0.228026,1478,21.9033,358.472,20.5248,41.7463,0.154842,,,-0.191,UC Davis
N421D,yes,0.69,3.53818,0.436785,873.31,26.9856,246.824,31.4103,41.3833,0.176803,,,-0.191,UC Davis
N421D,yes,1.12,2.1337,0.286635,988.619,28.5813,463.336,63.6684,40.7648,0.115036,,,-0.191,UC Davis
Y422F,yes,2.83,30.6583,5.28424,183.841,13.5271,5.99645,1.12378,,,47.4373,0.241632,-0.362,UC Davis
E423S,yes,not reported,6.6,0.42,530.382,34.6372,80.3149,7.3604,39.5,0.09,44.76,,,UC Davis
T424H,yes,3.64,6.09543,0.338375,39.613,0.575504,6.49881,0.372917,,,46.71,0.208,1.678,UC Davis
R427H,yes,0.46,1.28176,0.409593,1.02939,0.0702535,0.803105,0.262424,,,,,11.582,UC Davis
R427H,yes,1,3.68538,0.520983,7.20121,0.252118,1.95399,0.284571,,,44.3233,0.345881,11.992,UC Davis
R427L,yes,0.406,4.95387,0.404797,380.09,8.27847,76.7259,6.48842,,,45.39,0.28,4.947,UC Davis
R427L,yes,0.406,4.95387,0.404797,380.09,8.27847,76.7259,6.48842,,,45.39,0.2762,4.947,UC Davis
R427L,yes,2.2,4.22231,0.322492,371.588,7.33676,88.0057,6.94267,,,43.3833,0.0251661,,UC Davis
R427W,yes,0.312,0.984732,0.267116,35.5608,1.97221,36.1122,9.99837,40.2311,0.132036,,,,Gettysburg
P429A,yes,2.506,9.81035,1.0257,327.197,10.6835,33.3522,3.65317,,,,,,UC Davis
L434S,yes,2.493,0.574399,0.164069,239.031,13.1089,416.14,121.035,,,43.2213,0.0441353,1.207,UC Davis
L434S,yes,0.967,2.8099,0.199182,204.751,3.49163,72.8677,5.31266,,,42.6834,0.00801983,1.195,UC Davis
W435Y,yes,0.484,7.41146,0.718617,823.894,23.1609,111.165,11.2225,,,,,,TMCC
W435Y,yes,not reported,,,,,,,40.2298,0.214684,,,,TMCC
A441V,yes,2.072,4.64669,0.0975673,859.541,4.62882,184.979,4.00974,,,,,,UC Davis
